
--USER TABLE

INSERT INTO USER (User_Id, NIC, F_name, L_name, DOB, Gender, Address, Contact_no, Email, Role) VALUES
('TG/2019/1018', '199956674529', 'W.Sahan', 'Sandaru', '1999-11-16', 'M', '3/1 Athurugiriya Road, Homagama', '0712345689', 'sahan.sandaru89@gmail.com', 'STUDENT'),
('TG/2020/1095', '200067785630', 'D.R.Lakshani', 'Bandara', '2000-04-07', 'F', '421/5 Daham Mawatha, Rathmalana', '0723456781', 'd.r.lakshani.b@gmail.com', 'STUDENT'),
('TG/2021/1152', '200178896741', 'J.L.Madhara', 'Senevirathne', '2001-05-21', 'F', 'No. 23/5 Polwathumodara, Mirissa', '0734567894', 'j.l.madhara.senevi@gmail.com', 'STUDENT'),
('TG/2021/1174', '200189907852', 'J.Mahesh', 'Harshana', '2001-10-29', 'M', 'No. 45 Mirihanawatta, Kathaluwa', '0745678912', 'j.mahesh.harshana2024@gmail.com', 'STUDENT'),
('TG/2021/1232', '200190018963', 'R.M.W.Induwara', 'Lakshitha', '2001-03-02', 'M', '1/1 Mihidumawatha Polwaththa', '0756789023', 'rmw.induwara.lakshi@gmail.com', 'STUDENT'),
('TG/2021/1246', '200101129074', 'R.M.Dinithi', 'Malshani', '2001-07-19', 'F', 'no.88 Mahaweli Street, Kegalle', '0767890134', 'rmd.malshani.dinithi@gmail.com', 'STUDENT'),
('TG/2020/1064', '200012230185', 'U.V.Ashan', 'Kavinda', '2000-02-20', 'M', '45/3 Kaliyadasa Road, Mathara', '0778901245', 'uva.ashan.kavinda123@gmail.com', 'STUDENT'),
('TG/2021/1125', '200123341296', 'S.M.Ishara', 'Sandamali', '2001-08-11', 'F', 'No. 213/C, Anagarika Dharmapala Mawatha, Dehiwala', '0789012356', 'smi.sandamali.ishara@gmail.com', 'STUDENT'),
('TG/2022/1346', '200234452307', 'M.G.Sumudu', 'Piyumika', '2002-07-20', 'M', '35, Anagarika Dharmapala Mw, Matara', '0790123467', 'mg.sumudu.piyumika@gmail.com', 'STUDENT'),
('TG/2022/1347', '200245563418', 'U.G.Kasun', 'Udagedara', '2002-04-02', 'M', '103, Post Office Road, Trincomalee', '0710234578', 'ug.kasun.udagedara2024@gmail.com', 'STUDENT'),
('TG/2022/1348', '200256674529', 'H.M.Tharushika', 'Wimanshi', '2002-03-25', 'F', '84, Badulla Road, Nuwara Eliya', '0721345689', 'hm.tharushika.wimanshi@gmail.com', 'STUDENT'),
('TG/2022/1349', '200167785630', 'L.M.Tharindu', 'Perera', '2001-10-05', 'M', '188/1 A, Peter D. Perera Mawatha, Kohuwala', '0732456790', 'lm.tharindu.perera@gmail.com', 'STUDENT'),
('TG/2022/1350', '200178896742', 'K.G.Harshani', 'Madhuwanthi', '2001-09-10', 'F', 'No. 5, Sri Dalada Vidiya, Kandy', '0743567812', 'kg.harshani.madhuwanthi@gmail.com', 'STUDENT'),
('TG/2022/1351', '200289907852', 'N.G.Nayanavi', 'Ranasinghe', '2002-11-22', 'F', '34/2 Waldan Place, Welimada Road, Bandarawela', '0754678923', 'ng.nayanavi.ranasinghe@gmail.com', 'STUDENT'),
('TG/2022/1352', '200290018963', 'S.G.Supun', 'Dilhara', '2002-05-27', 'M', '64, Maliyadeva Mawatha, Kurunegala', '0765789034', 'sg.supun.dilhara@gmail.com', 'STUDENT'),
('TG/2022/1353', '200201129074', 'A.K.Lahiru', 'Rukmal', '2002-04-22', 'M', 'No.5, Library Road, Badulla', '0776890145', 'ak.lahiru.rukmal@gmail.com', 'STUDENT'),
('TG/2022/1354', '200212230185', 'T.Ravindu', 'Ransara', '2002-02-18', 'M', 'No.44 Gemunu Mawatha, Ratnapura', '0787901256', 'tr.ravindu.ransara@gmail.com', 'STUDENT'),
('TG/2022/1355', '200223341296', 'J.L.Thilina', 'Thathsara', '2002-06-19', 'M', 'No. 30, Janadhipathi Mawatha, Kaluthara', '0798012367', 'jl.thilina.thathsara@gmail.com', 'STUDENT'),
('TG/2022/1356', '200234452308', 'T.Nimasha', 'Madhurangi', '2002-01-28', 'F', 'No.54, Sampath Niwasa, Ahangama', '0719123478', 'tn.nimasha.madhurangi@gmail.com', 'STUDENT'),
('TG/2022/1357', '200245563419', 'A.G.I.Shehan', 'Dulmina', '2002-05-14', 'M', '23, Samagi Mawatha Akurugoda, Thissamaharamaya', '0720234589', 'agi.shehan.dulmina@gmail.com', 'STUDENT'),
('TG/2022/1358', '200256674528', 'K.Ishara', 'Rathnayake', '2002-12-21', 'M', '34/2 Thelijjawila, Mathara', '0731345690', 'k.ishara.rathnayake@gmail.com', 'STUDENT'),
('TG/2022/1359', '200267785630', 'W.M.Pavithra', 'Virajani', '2002-06-15', 'F', '201 /1 Malalasekara Square, Colombo 7', '0742456701', 'wm.pavithra.virajani@gmail.com', 'STUDENT'),
('L001', '198978896741', 'Chinthaka', 'Chandrakumara', '1989-07-12', 'M', '1013, Himbutuwa, Barawardhanaoya, Hasalaka', '0753567812', 'Chinthaka.Chandrakumara@gmail.com', 'LECTURER'),
('L002', '199089907852', 'W.Chandradasa', 'Perera', '1990-03-05', 'M', '34/2 Salasumgama, Dehiaththakandiya', '0764678923', 'W.Chandradasa.Perera@gmail.com', 'LECTURER'),
('L003', '197890018963', 'L.Manjula', 'Vithanapathirana', '1978-11-23', 'F', '207/Galkanda, Madawala, Ukuwela', '0775789034', 'L.Manjula.Vithanapathirana@gmail.com', 'LECTURER'),
('L004', '198401129074', 'J.M.Samudra', 'Senarath', '1984-09-30', 'F', '25/2 Udagomadiya, Katuwana', '0786890145', 'J.M.Samudra.Senarath@gmail.com', 'LECTURER'),
('L005', '198512230185', 'N.Shafeek', 'Khan', '1985-04-15', 'M', 'No.712 Koswaththa, Vilgamuwa, Laggala', '0797901256', 'N.Shafeek.Khan@gmail.com', 'LECTURER'),
('L006', '199123341296', 'Enoka', 'Randeniya', '1991-01-02', 'F', '1245, Alupothdeniya, Rangala', '0718012367', 'Enoka.Randeniya@gmail.com', 'LECTURER'),
('L007', '198234452307', 'S.D.Indiaka', 'Divakara', '1982-05-22', 'M', '43/5, Kandy Road, Hasalaka', '0729123478', 'S.D.Indiaka.Divakara@gmail.com', 'LECTURER'),
('L008', '198745563418', 'B.A.Nipuna', 'Heminda', '1987-10-09', 'M', '1587, Kalukubura Moragollagama, Mawathagama', '0730234589', 'B.A.Nipuna.Heminda@gmail.com', 'LECTURER'),
('L009', '197656674529', 'Sudesh', 'Kaweeshwara', '1976-02-16', 'M', 'No.71 Diwuldeniya, Poojapitiya, Kandy', '0741345690', 'Sudesh.Kaweeshwara@gmail.com', 'LECTURER'),
('L010', '199267785630', 'M.G.Dinali', 'Fernando', '1992-08-27', 'F', '231, Waragolla, Hettipola', '0752456701', 'M.G.Dinali.Fernando@gmail.com', 'LECTURER'),
('L011', '198078896741', 'J.Uditha', 'Garusinghe', '1980-12-14', 'M', '56/1/B Polonnaruwa Road, Dambulla', '0763567812', 'J.Uditha.Garusinghe@gmail.com', 'LECTURER'),
('L012', '198889907852', 'G.A.Madara', 'Karunarathne', '1988-06-18', 'F', '72/15 Kandy Road, Kegalla', '0774678923', 'G.A.Madara.Karunarathne@gmail.com', 'LECTURER'),
('T001', '199490018963', 'R.M.Hasitha', 'Wijewardane', '1994-03-10', 'M', '11, Mile Post Uraniya, Ridimaliyadda', '0785789034', 'R.M.Hasitha.Wijewardane@gmail.com', 'TO'),
('T002', '198101129074', 'J.Sampath', 'Lakmal', '1981-09-06', 'M', '28, Kotagoda Athuhela, Madagama, Monaragala', '0796890145', 'J.Sampath.Lakmal@gmail.com', 'TO'),
('T003', '198312230185', 'N.K.Hashani', 'Perera', '1983-11-25', 'F', '91, Palugama Bogahawela, Nuwara Eliya', '0717901256', 'N.K.Hashani.Perera@gmail.com', 'TO'),
('T004', '197923341296', 'Naveen', 'Theekshana', '1979-01-19', 'M', '152/A, Kandy Road, Mahiyanganaya', '0728012367', 'Naveen.Theekshana@gmail.com', 'TO'),
('T005', '199034452307', 'U.Dilini', 'Bandara', '1990-04-28', 'F', '903, Kumudu Niwasa, Kamburupitiya, Mathara', '0739123478', 'U.Dilini.Bandara@gmail.com', 'TO'),
('T006', '198645563418', 'H.L.Amaya', 'Rathnayake', '1986-10-31', 'F', 'No.23 Temple Road, Kithulgala, Kegalla', '0740234589', 'H.L.Amaya.Rathnayake@gmail.com', 'TO'),
('T007', '197756674529', 'A.Harshani', 'Karunathilaka', '1977-05-03', 'F', 'No.872, Weeraketiya, Hambanthota', '0751345690', 'A.Harshani.Karunathilaka@gmail.com', 'TO'),
('T008', '199367785630', 'D.M.Amila', 'Sandeepa', '1993-02-11', 'M', '76/5 Main Road, Polonnaruwa', '0762456701', 'D.M.Amila.Sandeepa@gmail.com', 'TO'),
('D001', '198278896741', 'A.K.Roshan', 'Gamage', '1982-07-16', 'M', '78, Mango Tree Lane, Rathgama, Galle', '0726842654', 'Roshan716gamage@gmail.com', 'DEAN'),
('A001', '197867319584', 'R.T.Ruwan', 'Kumara', '1978-05-06', 'M', '71/1 Udugampolapaara, Gampaha', '0764876531', 'ruwan.kumara1978@gmail.com', 'ADMIN'),
('A002', '198883491675', 'J.K. Sanjeewa', 'Dissanayake', '1988-06-07', 'M', '56/7 Kaburupiya, Mathara', '0711342101', 'sanjeewa88jk@gmail.com', 'ADMIN'),
('A003', '198578345155', 'L.A.Nilupul', 'Chamara', '1985-09-27', 'M', '471, Galle Main Road, Kollupitiya', '0712222564', 'chamaranilupul1985@gmail.com', 'ADMIN');




--STUDENT TABLE

INSERT INTO STUDENT (Stu_ID, S_Status, Dep_ID) VALUES
('TG/2019/1018', 'Repeat', 'D_ICT'),
('TG/2020/1095', 'Repeat', 'D_ICT'),
('TG/2021/1152', 'Repeat', 'D_ICT'),
('TG/2021/1174', 'Repeat', 'D_ICT'),
('TG/2021/1232', 'Repeat', 'D_ICT'),
('TG/2021/1246', 'Repeat', 'D_ICT'),
('TG/2020/1064', 'Suspended', 'D_ICT'),
('TG/2021/1125', 'Suspended', 'D_ICT'),
('TG/2022/1346', 'Proper', 'D_ICT'),
('TG/2022/1347', 'Proper', 'D_ICT'),
('TG/2022/1348', 'Proper', 'D_ICT'),
('TG/2022/1349', 'Proper', 'D_ICT'),
('TG/2022/1350', 'Proper', 'D_ICT'),
('TG/2022/1351', 'Proper', 'D_ICT'),
('TG/2022/1352', 'Proper', 'D_ICT'),
('TG/2022/1353', 'Proper', 'D_ICT'),
('TG/2022/1354', 'Proper', 'D_ICT'),
('TG/2022/1355', 'Proper', 'D_ICT'),
('TG/2022/1356', 'Proper', 'D_ICT'),
('TG/2022/1357', 'Proper', 'D_ICT'),
('TG/2022/1358', 'Proper', 'D_ICT'),
('TG/2022/1359', 'Proper', 'D_ICT');




--ADMIN TABLE

INSERT INTO admin (ADMIN_ID, Dep_ID)
VALUES ('A001', 'D_ICT'),
    ('A002', 'D_ET'),
    ('A003', 'D_MDS');
	
	
	
	
--ATTENDENCE TABLE

INSERT INTO ATTENDENCE (Course_ID, Stu_ID, A_Status, A_DATE,A_Type,DEAN_ID)
VALUES 


('ICT1233', 'TG/2022/1348', 'Present', '2024-08-05','T', 'D001'),
('ICT1233', 'TG/2022/1349', 'Present', '2024-08-05','T', 'D001'),
('ICT1233', 'TG/2022/1350', 'Present', '2024-08-05','T', 'D001'),
('ICT1233', 'TG/2022/1351', 'Present', '2024-08-05','T', 'D001'),
('ICT1233', 'TG/2022/1352', 'Present', '2024-08-05','T', 'D001'),
('ICT1233', 'TG/2022/1353', 'Present', '2024-08-05','T', 'D001'),
('ICT1233', 'TG/2022/1354', 'Present', '2024-08-05','T', 'D001'),
('ICT1233', 'TG/2022/1355', 'Present', '2024-08-05','T', 'D001'),
('ICT1233', 'TG/2022/1356', 'Present', '2024-08-05','T', 'D001'),
('ICT1233', 'TG/2022/1357', 'Present', '2024-08-05','T', 'D001'),
('ICT1233', 'TG/2022/1358', 'Present', '2024-08-05','T', 'D001'),
('ICT1233', 'TG/2022/1359', 'Present', '2024-08-05','T', 'D001'),


('ICT1233', 'TG/2022/1348', 'Present', '2024-08-05','P', 'D001'),
('ICT1233', 'TG/2022/1349', 'Present', '2024-08-05','P', 'D001'),
('ICT1233', 'TG/2022/1350', 'Present', '2024-08-05','P', 'D001'),
('ICT1233', 'TG/2022/1351', 'Present', '2024-08-05','P', 'D001'),
('ICT1233', 'TG/2022/1352', 'Present', '2024-08-05','P', 'D001'),
('ICT1233', 'TG/2022/1353', 'Present', '2024-08-05','P', 'D001'),
('ICT1233', 'TG/2022/1354', 'Present', '2024-08-05','P', 'D001'),
('ICT1233', 'TG/2022/1355', 'Present', '2024-08-05','P', 'D001'),
('ICT1233', 'TG/2022/1356', 'Present', '2024-08-05','P', 'D001'),
('ICT1233', 'TG/2022/1357', 'Present', '2024-08-05','P', 'D001'),
('ICT1233', 'TG/2022/1358', 'Present', '2024-08-05','P', 'D001'),
('ICT1233', 'TG/2022/1359', 'Present', '2024-08-05','P', 'D001'),


('ICT1212', 'TG/2022/1348', 'Present', '2024-08-06','T', 'D001'),
('ICT1212', 'TG/2022/1349', 'Present', '2024-08-06','T', 'D001'),
('ICT1212', 'TG/2022/1350', 'Present', '2024-08-06','T', 'D001'),
('ICT1212', 'TG/2022/1351', 'Present', '2024-08-06','T', 'D001'),
('ICT1212', 'TG/2022/1352', 'Absent', '2024-08-06', 'T', 'D001'),
('ICT1212', 'TG/2022/1353', 'Present', '2024-08-06','T', 'D001'),
('ICT1212', 'TG/2022/1354', 'Present', '2024-08-06','T', 'D001'),
('ICT1212', 'TG/2022/1355', 'Present', '2024-08-06','T', 'D001'),
('ICT1212', 'TG/2022/1356', 'Absent', '2024-08-06','T', 'D001'),
('ICT1212', 'TG/2022/1357', 'Present', '2024-08-06','T', 'D001'),
('ICT1212', 'TG/2022/1358', 'Present', '2024-08-06','T', 'D001'),
('ICT1212', 'TG/2022/1359', 'Present', '2024-08-06','T', 'D001'),


('ICT1222', 'TG/2022/1348', 'Present', '2024-08-06','P','D001'),
('ICT1222', 'TG/2022/1349', 'Present', '2024-08-06','P','D001'),
('ICT1222', 'TG/2022/1350', 'Present', '2024-08-06','P','D001'),
('ICT1222', 'TG/2022/1351', 'Present', '2024-08-06','P','D001'),
('ICT1222', 'TG/2022/1352', 'Present', '2024-08-06','P','D001'),
('ICT1222', 'TG/2022/1353', 'Present', '2024-08-06','P','D001'),
('ICT1222', 'TG/2022/1354', 'Present', '2024-08-06','P','D001'),
('ICT1222', 'TG/2022/1355', 'Present', '2024-08-06','P','D001'),
('ICT1222', 'TG/2022/1356', 'Present', '2024-08-06','P','D001'),
('ICT1222', 'TG/2022/1357', 'Present', '2024-08-06','P','D001'),
('ICT1222', 'TG/2022/1358', 'Present', '2024-08-06','P','D001'),
('ICT1222', 'TG/2022/1359', 'Present', '2024-08-06','P','D001'),


('TMS1233', 'TG/2022/1348', 'Present', '2024-08-07', 'T','D001'),
('TMS1233', 'TG/2022/1349', 'Present', '2024-08-07', 'T','D001'),
('TMS1233', 'TG/2022/1350', 'Present', '2024-08-07', 'T','D001'),
('TMS1233', 'TG/2022/1351', 'Present', '2024-08-07', 'T','D001'),
('TMS1233', 'TG/2022/1352', 'Present', '2024-08-07', 'T','D001'),
('TMS1233', 'TG/2022/1353', 'Present', '2024-08-07', 'T','D001'),
('TMS1233', 'TG/2022/1354', 'Present', '2024-08-07', 'T','D001'),
('TMS1233', 'TG/2022/1355', 'Present', '2024-08-07', 'T','D001'),
('TMS1233', 'TG/2022/1356', 'Present', '2024-08-07', 'T','D001'),
('TMS1233', 'TG/2022/1357', 'Present', '2024-08-07', 'T','D001'),
('TMS1233', 'TG/2022/1358', 'Present', '2024-08-07', 'T','D001'),
('TMS1233', 'TG/2022/1359', 'Present', '2024-08-07', 'T','D001'),



('ICT1242', 'TG/2022/1348', 'Present', '2024-08-08', 'T','D001'),
('ICT1242', 'TG/2022/1349', 'Present', '2024-08-08', 'T','D001'),
('ICT1242', 'TG/2022/1350', 'Present', '2024-08-08', 'T','D001'),
('ICT1242', 'TG/2022/1351', 'Present', '2024-08-08', 'T','D001'),
('ICT1242', 'TG/2022/1352', 'Present', '2024-08-08', 'T','D001'),
('ICT1242', 'TG/2022/1353', 'Present', '2024-08-08', 'T','D001'),
('ICT1242', 'TG/2022/1354', 'Present', '2024-08-08', 'T','D001'),
('ICT1242', 'TG/2022/1355', 'Present', '2024-08-08', 'T','D001'),
('ICT1242', 'TG/2022/1356', 'Present', '2024-08-08', 'T','D001'),
('ICT1242', 'TG/2022/1357', 'Present', '2024-08-08', 'T','D001'),
('ICT1242', 'TG/2022/1358', 'Present', '2024-08-08', 'T','D001'),
('ICT1242', 'TG/2022/1359', 'Present', '2024-08-08', 'T','D001'),



('ICT1253', 'TG/2022/1348', 'Present', '2024-08-08', 'T', 'D001'),
('ICT1253', 'TG/2022/1349', 'Present', '2024-08-08', 'T', 'D001'),
('ICT1253', 'TG/2022/1350', 'Present', '2024-08-08', 'T', 'D001'),
('ICT1253', 'TG/2022/1351', 'Present', '2024-08-08', 'T', 'D001'),
('ICT1253', 'TG/2022/1352', 'Present', '2024-08-08', 'T', 'D001'),
('ICT1253', 'TG/2022/1353', 'Present', '2024-08-08', 'T', 'D001'),
('ICT1253', 'TG/2022/1354', 'Present', '2024-08-08', 'T', 'D001'),
('ICT1253', 'TG/2022/1355', 'Present', '2024-08-08', 'T', 'D001'),
('ICT1253', 'TG/2022/1356', 'Present', '2024-08-08', 'T', 'D001'),
('ICT1253', 'TG/2022/1357', 'Present', '2024-08-08', 'T', 'D001'),
('ICT1253', 'TG/2022/1358', 'Present', '2024-08-08', 'T', 'D001'),
('ICT1253', 'TG/2022/1359', 'Present', '2024-08-08', 'T', 'D001'),


('ICT1253', 'TG/2022/1348', 'Present', '2024-08-08','P','D001'),
('ICT1253', 'TG/2022/1349', 'Present', '2024-08-08','P','D001'),
('ICT1253', 'TG/2022/1350', 'Present', '2024-08-08','P','D001'),
('ICT1253', 'TG/2022/1351', 'Present', '2024-08-08','P','D001'),
('ICT1253', 'TG/2022/1352', 'Present', '2024-08-08','P','D001'),
('ICT1253', 'TG/2022/1353', 'Present', '2024-08-08','P','D001'),
('ICT1253', 'TG/2022/1354', 'Present', '2024-08-08','P','D001'),
('ICT1253', 'TG/2022/1355', 'Present', '2024-08-08','P','D001'),
('ICT1253', 'TG/2022/1356', 'Present', '2024-08-08','P','D001'),
('ICT1253', 'TG/2022/1357', 'Present', '2024-08-08','P','D001'),
('ICT1253', 'TG/2022/1358', 'Present', '2024-08-08','P','D001'),
('ICT1253', 'TG/2022/1359', 'Present', '2024-08-08','P','D001'),



('ENG1222', 'TG/2022/1348', 'Present', '2024-08-09', 'T', 'D001'),
('ENG1222', 'TG/2022/1349', 'Present', '2024-08-09', 'T', 'D001'),
('ENG1222', 'TG/2022/1350', 'Present', '2024-08-09', 'T', 'D001'),
('ENG1222', 'TG/2022/1351', 'Present', '2024-08-09', 'T', 'D001'),
('ENG1222', 'TG/2022/1352', 'Present', '2024-08-09', 'T', 'D001'),
('ENG1222', 'TG/2022/1353', 'Present', '2024-08-09', 'T', 'D001'),
('ENG1222', 'TG/2022/1354', 'Present', '2024-08-09', 'T', 'D001'),
('ENG1222', 'TG/2022/1355', 'Present', '2024-08-09', 'T', 'D001'),
('ENG1222', 'TG/2022/1356', 'Present', '2024-08-09', 'T', 'D001'),
('ENG1222', 'TG/2022/1357', 'Present', '2024-08-09', 'T', 'D001'),
('ENG1222', 'TG/2022/1358', 'Present', '2024-08-09', 'T', 'D001'),
('ENG1222', 'TG/2022/1359', 'Present', '2024-08-09', 'T', 'D001'),



('TCS1212', 'TG/2022/1348', 'Present', '2024-08-09', 'T', 'D001'),
('TCS1212', 'TG/2022/1349', 'Present', '2024-08-09', 'T', 'D001'),
('TCS1212', 'TG/2022/1351', 'Present', '2024-08-09', 'T', 'D001'),
('TCS1212', 'TG/2022/1352', 'Present', '2024-08-09', 'T', 'D001'),
('TCS1212', 'TG/2022/1353', 'Present', '2024-08-09', 'T', 'D001'),
('TCS1212', 'TG/2022/1354', 'Present', '2024-08-09', 'T', 'D001'),
('TCS1212', 'TG/2022/1355', 'Present', '2024-08-09', 'T', 'D001'),
('TCS1212', 'TG/2022/1356', 'Present', '2024-08-09', 'T', 'D001'),
('TCS1212', 'TG/2022/1357', 'Present', '2024-08-09', 'T', 'D001'),
('TCS1212', 'TG/2022/1358', 'Present', '2024-08-09', 'T', 'D001'),
('TCS1212', 'TG/2022/1359', 'Present', '2024-08-09', 'T', 'D001'),


('ICT1233', 'TG/2022/1348', 'Present', '2024-08-12', 'T', 'D001'),
('ICT1233', 'TG/2022/1349', 'Present', '2024-08-12', 'T', 'D001'),
('ICT1233', 'TG/2022/1350', 'Present', '2024-08-12', 'T', 'D001'),
('ICT1233', 'TG/2022/1351', 'Present', '2024-08-12', 'T', 'D001'),
('ICT1233', 'TG/2022/1352', 'Present', '2024-08-12', 'T', 'D001'),
('ICT1233', 'TG/2022/1353', 'Present', '2024-08-12', 'T', 'D001'),
('ICT1233', 'TG/2022/1354', 'Present', '2024-08-12', 'T', 'D001'),
('ICT1233', 'TG/2022/1355', 'Present', '2024-08-12', 'T', 'D001'),
('ICT1233', 'TG/2022/1356', 'Present', '2024-08-12', 'T', 'D001'),
('ICT1233', 'TG/2022/1357', 'Present', '2024-08-12', 'T', 'D001'),
('ICT1233', 'TG/2022/1358', 'Present', '2024-08-12', 'T', 'D001'),
('ICT1233', 'TG/2022/1359', 'Present', '2024-08-12', 'T', 'D001'),



('ICT1233', 'TG/2022/1348', 'Present', '2024-08-12','P','D001'),
('ICT1233', 'TG/2022/1349', 'Present', '2024-08-12','P','D001'),
('ICT1233', 'TG/2022/1350', 'Present', '2024-08-12','P','D001'),
('ICT1233', 'TG/2022/1351', 'Present', '2024-08-12','P','D001'),
('ICT1233', 'TG/2022/1352', 'Present', '2024-08-12','P','D001'),
('ICT1233', 'TG/2022/1353', 'Present', '2024-08-12','P','D001'),
('ICT1233', 'TG/2022/1354', 'Present', '2024-08-12','P','D001'),
('ICT1233', 'TG/2022/1355', 'Present', '2024-08-12','P','D001'),
('ICT1233', 'TG/2022/1356', 'Present', '2024-08-12','P','D001'),
('ICT1233', 'TG/2022/1357', 'Present', '2024-08-12','P','D001'),
('ICT1233', 'TG/2022/1358', 'Present', '2024-08-12','P','D001'),
('ICT1233', 'TG/2022/1359', 'Present', '2024-08-12','P','D001'),


('ICT1212', 'TG/2022/1348', 'Present', '2024-08-13', 'T', 'D001'),
('ICT1212', 'TG/2022/1349', 'Present', '2024-08-13', 'T', 'D001'),
('ICT1212', 'TG/2022/1350', 'Present', '2024-08-13', 'T', 'D001'),
('ICT1212', 'TG/2022/1351', 'Present', '2024-08-13', 'T', 'D001'),
('ICT1212', 'TG/2022/1352', 'Present', '2024-08-13', 'T', 'D001'),
('ICT1212', 'TG/2022/1353', 'Present', '2024-08-13', 'T', 'D001'),
('ICT1212', 'TG/2022/1354', 'Present', '2024-08-13', 'T', 'D001'),
('ICT1212', 'TG/2022/1355', 'Present', '2024-08-13', 'T', 'D001'),
('ICT1212', 'TG/2022/1356', 'Present', '2024-08-13', 'T', 'D001'),
('ICT1212', 'TG/2022/1357', 'Present', '2024-08-13', 'T', 'D001'),
('ICT1212', 'TG/2022/1358', 'Present', '2024-08-13', 'T', 'D001'),
('ICT1212', 'TG/2022/1359', 'Present', '2024-08-13', 'T', 'D001'),


('ICT1222', 'TG/2022/1348', 'Present', '2024-08-13','P','D001'),
('ICT1222', 'TG/2022/1349', 'Present', '2024-08-13','P','D001'),
('ICT1222', 'TG/2022/1350', 'Present', '2024-08-13','P','D001'),
('ICT1222', 'TG/2022/1351', 'Present', '2024-08-13','P','D001'),
('ICT1222', 'TG/2022/1352', 'Present', '2024-08-13','P','D001'),
('ICT1222', 'TG/2022/1353', 'Present', '2024-08-13','P','D001'),
('ICT1222', 'TG/2022/1354', 'Present', '2024-08-13','P','D001'),
('ICT1222', 'TG/2022/1355', 'Present', '2024-08-13','P','D001'),
('ICT1222', 'TG/2022/1356', 'Present', '2024-08-13','P','D001'),
('ICT1222', 'TG/2022/1357', 'Present', '2024-08-13','P','D001'),
('ICT1222', 'TG/2022/1358', 'Present', '2024-08-13','P','D001'),
('ICT1222', 'TG/2022/1359', 'Present', '2024-08-13','P','D001'),


('TMS1233', 'TG/2022/1348', 'Present', '2024-08-14','T','D001'),
('TMS1233', 'TG/2022/1349', 'Present', '2024-08-14','T','D001'),
('TMS1233', 'TG/2022/1350', 'Present', '2024-08-14','T','D001'),
('TMS1233', 'TG/2022/1351', 'Present', '2024-08-14','T','D001'),
('TMS1233', 'TG/2022/1352', 'Present', '2024-08-14','T','D001'),
('TMS1233', 'TG/2022/1353', 'Present', '2024-08-14','T','D001'),
('TMS1233', 'TG/2022/1354', 'Absent', '2024-08-14','T','D001'),
('TMS1233', 'TG/2022/1355', 'Present', '2024-08-14','T','D001'),
('TMS1233', 'TG/2022/1356', 'Present', '2024-08-14','T','D001'),
('TMS1233', 'TG/2022/1357', 'Absent', '2024-08-14', 'T','D001'),
('TMS1233', 'TG/2022/1358', 'Present', '2024-08-14','T','D001'),
('TMS1233', 'TG/2022/1359', 'Present', '2024-08-14','T','D001'),


('ICT1242', 'TG/2022/1348', 'Present', '2024-08-15','T','D001'),
('ICT1242', 'TG/2022/1349', 'Present', '2024-08-15','T','D001'),
('ICT1242', 'TG/2022/1350', 'Present', '2024-08-15','T','D001'),
('ICT1242', 'TG/2022/1351', 'Present', '2024-08-15','T','D001'),
('ICT1242', 'TG/2022/1352', 'Present', '2024-08-15','T','D001'),
('ICT1242', 'TG/2022/1353', 'Present', '2024-08-15','T','D001'),
('ICT1242', 'TG/2022/1354', 'Absent ', '2024-08-15','T','D001'),
('ICT1242', 'TG/2022/1355', 'Present', '2024-08-15','T','D001'),
('ICT1242', 'TG/2022/1356', 'Present', '2024-08-15','T','D001'),
('ICT1242', 'TG/2022/1357', 'Present', '2024-08-15','T','D001'),
('ICT1242', 'TG/2022/1358', 'Present', '2024-08-15','T','D001'),
('ICT1242', 'TG/2022/1359', 'Present', '2024-08-15','T','D001'),



('ICT1253', 'TG/2022/1348', 'Present', '2024-08-15','T','D001'),
('ICT1253', 'TG/2022/1349', 'Present', '2024-08-15','T','D001'),
('ICT1253', 'TG/2022/1350', 'Present', '2024-08-15','T','D001'),
('ICT1253', 'TG/2022/1351', 'Present', '2024-08-15','T','D001'),
('ICT1253', 'TG/2022/1352', 'Present', '2024-08-15','T','D001'),
('ICT1253', 'TG/2022/1353', 'Present', '2024-08-15','T','D001'),
('ICT1253', 'TG/2022/1354', 'Present', '2024-08-15','T','D001'),
('ICT1253', 'TG/2022/1355', 'Present', '2024-08-15','T','D001'),
('ICT1253', 'TG/2022/1356', 'Present', '2024-08-15','T','D001'),
('ICT1253', 'TG/2022/1357', 'Present', '2024-08-15','T','D001'),
('ICT1253', 'TG/2022/1358', 'Present', '2024-08-15','T','D001'),
('ICT1253', 'TG/2022/1359', 'Present', '2024-08-15','T','D001'),


('ICT1253', 'TG/2022/1348', 'Present', '2024-08-15','P','D001'),
('ICT1253', 'TG/2022/1349', 'Present', '2024-08-15','P','D001'),
('ICT1253', 'TG/2022/1350', 'Present', '2024-08-15','P','D001'),
('ICT1253', 'TG/2022/1351', 'Present', '2024-08-15','P','D001'),
('ICT1253', 'TG/2022/1352', 'Present', '2024-08-15','P','D001'),
('ICT1253', 'TG/2022/1353', 'Present', '2024-08-15','P','D001'),
('ICT1253', 'TG/2022/1354', 'Present', '2024-08-15','P','D001'),
('ICT1253', 'TG/2022/1355', 'Present', '2024-08-15','P','D001'),
('ICT1253', 'TG/2022/1356', 'Present', '2024-08-15','P','D001'),
('ICT1253', 'TG/2022/1357', 'Present', '2024-08-15','P','D001'),
('ICT1253', 'TG/2022/1358', 'Present', '2024-08-15','P','D001'),
('ICT1253', 'TG/2022/1359', 'Present', '2024-08-15','P','D001'),


('ENG1222', 'TG/2022/1348', 'Present', '2024-08-16','T','D001'),
('ENG1222', 'TG/2022/1349', 'Present', '2024-08-16','T','D001'),
('ENG1222', 'TG/2022/1350', 'Present', '2024-08-16','T','D001'),
('ENG1222', 'TG/2022/1351', 'Present', '2024-08-16','T','D001'),
('ENG1222', 'TG/2022/1352', 'Present', '2024-08-16','T','D001'),
('ENG1222', 'TG/2022/1353', 'Present', '2024-08-16','T','D001'),
('ENG1222', 'TG/2022/1354', 'Present', '2024-08-16','T','D001'),
('ENG1222', 'TG/2022/1355', 'Present', '2024-08-16','T','D001'),
('ENG1222', 'TG/2022/1356', 'Present', '2024-08-16','T','D001'),
('ENG1222', 'TG/2022/1357', 'Present', '2024-08-16','T','D001'),
('ENG1222', 'TG/2022/1358', 'Present', '2024-08-16','T','D001'),
('ENG1222', 'TG/2022/1359', 'Present', '2024-08-16','T','D001'),


('TCS1212', 'TG/2022/1348', 'Present', '2024-08-16','T','D001'),
('TCS1212', 'TG/2022/1349', 'Present', '2024-08-16','T','D001'),
('TCS1212', 'TG/2022/1350', 'Present', '2024-08-16','T','D001'),
('TCS1212', 'TG/2022/1351', 'Present', '2024-08-16','T','D001'),
('TCS1212', 'TG/2022/1352', 'Present', '2024-08-16','T','D001'),
('TCS1212', 'TG/2022/1353', 'Present', '2024-08-16','T','D001'),
('TCS1212', 'TG/2022/1354', 'Present', '2024-08-16','T','D001'),
('TCS1212', 'TG/2022/1355', 'Present', '2024-08-16','T','D001'),
('TCS1212', 'TG/2022/1356', 'Present', '2024-08-16','T','D001'),
('TCS1212', 'TG/2022/1357', 'Present', '2024-08-16','T','D001'),
('TCS1212', 'TG/2022/1358', 'Present', '2024-08-16','T','D001'),
('TCS1212', 'TG/2022/1359', 'Present', '2024-08-16','T','D001'),


('ICT1233', 'TG/2022/1348', 'Present', '2024-08-19','T','D001'),
('ICT1233', 'TG/2022/1349', 'Present', '2024-08-19','T','D001'),
('ICT1233', 'TG/2022/1350', 'Present', '2024-08-19','T','D001'),
('ICT1233', 'TG/2022/1351', 'Present', '2024-08-19','T','D001'),
('ICT1233', 'TG/2022/1352', 'Present', '2024-08-19','T','D001'),
('ICT1233', 'TG/2022/1353', 'Present', '2024-08-19','T','D001'),
('ICT1233', 'TG/2022/1354', 'Present', '2024-08-19','T','D001'),
('ICT1233', 'TG/2022/1355', 'Present', '2024-08-19','T','D001'),
('ICT1233', 'TG/2022/1356', 'Present', '2024-08-19','T','D001'),
('ICT1233', 'TG/2022/1357', 'Present', '2024-08-19','T','D001'),
('ICT1233', 'TG/2022/1358', 'Present', '2024-08-19','T','D001'),
('ICT1233', 'TG/2022/1359', 'Present', '2024-08-19','T','D001'),


('ICT1233', 'TG/2022/1348', 'Present', '2024-08-19','P','D001'),
('ICT1233', 'TG/2022/1349', 'Present', '2024-08-19','P','D001'),
('ICT1233', 'TG/2022/1350', 'Present', '2024-08-19','P','D001'),
('ICT1233', 'TG/2022/1351', 'Present', '2024-08-19','P','D001'),
('ICT1233', 'TG/2022/1352', 'Present', '2024-08-19','P','D001'),
('ICT1233', 'TG/2022/1353', 'Present', '2024-08-19','P','D001'),
('ICT1233', 'TG/2022/1354', 'Present', '2024-08-19','P','D001'),
('ICT1233', 'TG/2022/1355', 'Present', '2024-08-19','P','D001'),
('ICT1233', 'TG/2022/1356', 'Present', '2024-08-19','P','D001'),
('ICT1233', 'TG/2022/1357', 'Present', '2024-08-19','P','D001'),
('ICT1233', 'TG/2022/1358', 'Present', '2024-08-19','P','D001'),
('ICT1233', 'TG/2022/1359', 'Present', '2024-08-19','P','D001'),


('ICT1212', 'TG/2022/1348', 'Present', '2024-08-20','T','D001'),
('ICT1212', 'TG/2022/1350', 'Present', '2024-08-20','T','D001'),
('ICT1212', 'TG/2022/1351', 'Present', '2024-08-20','T','D001'),
('ICT1212', 'TG/2022/1352', 'Present', '2024-08-20','T','D001'),
('ICT1212', 'TG/2022/1353', 'Present', '2024-08-20','T','D001'),
('ICT1212', 'TG/2022/1354', 'Present', '2024-08-20','T','D001'),
('ICT1212', 'TG/2022/1355', 'Present', '2024-08-20','T','D001'),
('ICT1212', 'TG/2022/1356', 'Present', '2024-08-20','T','D001'),
('ICT1212', 'TG/2022/1357', 'Present', '2024-08-20','T','D001'),
('ICT1212', 'TG/2022/1358', 'Present', '2024-08-20','T','D001'),
('ICT1212', 'TG/2022/1359', 'Present', '2024-08-20','T','D001'),


('ICT1222', 'TG/2022/1348', 'Present', '2024-08-20','P','D001'),
('ICT1222', 'TG/2022/1349', 'Present', '2024-08-20','P','D001'),
('ICT1222', 'TG/2022/1350', 'Present', '2024-08-20','P','D001'),
('ICT1222', 'TG/2022/1351', 'Present', '2024-08-20','P','D001'),
('ICT1222', 'TG/2022/1352', 'Present', '2024-08-20','P','D001'),
('ICT1222', 'TG/2022/1353', 'Present', '2024-08-20','P','D001'),
('ICT1222', 'TG/2022/1354', 'Present', '2024-08-20','P','D001'),
('ICT1222', 'TG/2022/1355', 'Present', '2024-08-20','P','D001'),
('ICT1222', 'TG/2022/1356', 'Present', '2024-08-20','P','D001'),
('ICT1222', 'TG/2022/1357', 'Present', '2024-08-20','P','D001'),
('ICT1222', 'TG/2022/1358', 'Present', '2024-08-20','P','D001'),
('ICT1222', 'TG/2022/1359', 'Present', '2024-08-20','P','D001'),


('TMS1233', 'TG/2022/1348', 'Present', '2024-08-21','T','D001'),
('TMS1233', 'TG/2022/1349', 'Present', '2024-08-21','T','D001'),
('TMS1233', 'TG/2022/1350', 'Present', '2024-08-21','T','D001'),
('TMS1233', 'TG/2022/1351', 'Present', '2024-08-21','T','D001'),
('TMS1233', 'TG/2022/1352', 'Present', '2024-08-21','T','D001'),
('TMS1233', 'TG/2022/1353', 'Present', '2024-08-21','T','D001'),
('TMS1233', 'TG/2022/1354', 'Present', '2024-08-21','T','D001'),
('TMS1233', 'TG/2022/1355', 'Present', '2024-08-21','T','D001'),
('TMS1233', 'TG/2022/1356', 'Present', '2024-08-21','T','D001'),
('TMS1233', 'TG/2022/1357', 'Present', '2024-08-21','T','D001'),
('TMS1233', 'TG/2022/1358', 'Present', '2024-08-21','T','D001'),
('TMS1233', 'TG/2022/1359', 'Present', '2024-08-21','T','D001'),


('ICT1242', 'TG/2022/1348', 'Present', '2024-08-22','T','D001'),
('ICT1242', 'TG/2022/1349', 'Present', '2024-08-22','T','D001'),
('ICT1242', 'TG/2022/1350', 'Present', '2024-08-22','T','D001'),
('ICT1242', 'TG/2022/1351', 'Present', '2024-08-22','T','D001'),
('ICT1242', 'TG/2022/1352', 'Present', '2024-08-22','T','D001'),
('ICT1242', 'TG/2022/1353', 'Present', '2024-08-22','T','D001'),
('ICT1242', 'TG/2022/1354', 'Present', '2024-08-22','T','D001'),
('ICT1242', 'TG/2022/1355', 'Present', '2024-08-22','T','D001'),
('ICT1242', 'TG/2022/1356', 'Present', '2024-08-22','T','D001'),
('ICT1242', 'TG/2022/1357', 'Present', '2024-08-22','T','D001'),
('ICT1242', 'TG/2022/1358', 'Present', '2024-08-22','T','D001'),
('ICT1242', 'TG/2022/1359', 'Present', '2024-08-22','T','D001'),


('ICT1253', 'TG/2022/1348', 'Present', '2024-08-22','T','D001'),
('ICT1253', 'TG/2022/1349', 'Present', '2024-08-22','T','D001'),
('ICT1253', 'TG/2022/1350', 'Present', '2024-08-22','T','D001'),
('ICT1253', 'TG/2022/1351', 'Present', '2024-08-22','T','D001'),
('ICT1253', 'TG/2022/1352', 'Present', '2024-08-22','T','D001'),
('ICT1253', 'TG/2022/1353', 'Present', '2024-08-22','T','D001'),
('ICT1253', 'TG/2022/1354', 'Present', '2024-08-22','T','D001'),
('ICT1253', 'TG/2022/1355', 'Present', '2024-08-22','T','D001'),
('ICT1253', 'TG/2022/1356', 'Present', '2024-08-22','T','D001'),
('ICT1253', 'TG/2022/1357', 'Present', '2024-08-22','T','D001'),
('ICT1253', 'TG/2022/1358', 'Present', '2024-08-22','T','D001'),
('ICT1253', 'TG/2022/1359', 'Present', '2024-08-22','T','D001'),


('ICT1253', 'TG/2022/1348', 'Present', '2024-08-22','P','D001'),
('ICT1253', 'TG/2022/1349', 'Present', '2024-08-22','P','D001'),
('ICT1253', 'TG/2022/1350', 'Present', '2024-08-22','P','D001'),
('ICT1253', 'TG/2022/1351', 'Present', '2024-08-22','P','D001'),
('ICT1253', 'TG/2022/1352', 'Present', '2024-08-22','P','D001'),
('ICT1253', 'TG/2022/1353', 'Present', '2024-08-22','P','D001'),
('ICT1253', 'TG/2022/1354', 'Present', '2024-08-22','P','D001'),
('ICT1253', 'TG/2022/1355', 'Present', '2024-08-22','P','D001'),
('ICT1253', 'TG/2022/1356', 'Present', '2024-08-22','P','D001'),
('ICT1253', 'TG/2022/1357', 'Present', '2024-08-22','P','D001'),
('ICT1253', 'TG/2022/1358', 'Present', '2024-08-22','P','D001'),
('ICT1253', 'TG/2022/1359', 'Present', '2024-08-22','P','D001'),


('ENG1222', 'TG/2022/1348', 'Present', '2024-08-23','T','D001'),
('ENG1222', 'TG/2022/1349', 'Present', '2024-08-23','T','D001'),
('ENG1222', 'TG/2022/1350', 'Present', '2024-08-23','T','D001'),
('ENG1222', 'TG/2022/1351', 'Present', '2024-08-23','T','D001'),
('ENG1222', 'TG/2022/1352', 'Present', '2024-08-23','T','D001'),
('ENG1222', 'TG/2022/1353', 'Present', '2024-08-23','T','D001'),
('ENG1222', 'TG/2022/1354', 'Present', '2024-08-23','T','D001'),
('ENG1222', 'TG/2022/1355', 'Present', '2024-08-23','T','D001'),
('ENG1222', 'TG/2022/1356', 'Present', '2024-08-23','T','D001'),
('ENG1222', 'TG/2022/1357', 'Present', '2024-08-23','T','D001'),
('ENG1222', 'TG/2022/1358', 'Present', '2024-08-23','T','D001'),
('ENG1222', 'TG/2022/1359', 'Present', '2024-08-23','T','D001'),


('TCS1212', 'TG/2022/1348', 'Absent', '2024-08-23','T', 'D001'),
('TCS1212', 'TG/2022/1349', 'Absent', '2024-08-23', 'T', 'D001'),
('TCS1212', 'TG/2022/1350', 'Present', '2024-08-23', 'T', 'D001'),
('TCS1212', 'TG/2022/1351', 'Present', '2024-08-23', 'T', 'D001'),
('TCS1212', 'TG/2022/1352', 'Present', '2024-08-23', 'T', 'D001'),
('TCS1212', 'TG/2022/1353', 'Present', '2024-08-23', 'T', 'D001'),
('TCS1212', 'TG/2022/1354', 'Present', '2024-08-23', 'T', 'D001'),
('TCS1212', 'TG/2022/1355', 'Present', '2024-08-23', 'T', 'D001'),
('TCS1212', 'TG/2022/1356', 'Present', '2024-08-23', 'T', 'D001'),
('TCS1212', 'TG/2022/1357', 'Present', '2024-08-23', 'T', 'D001'),
('TCS1212', 'TG/2022/1358', 'Present', '2024-08-23', 'T', 'D001'),
('TCS1212', 'TG/2022/1359', 'Present', '2024-08-23', 'T', 'D001'),


('ICT1233', 'TG/2022/1348','Present','2024-08-26','T','D001'),
('ICT1233', 'TG/2022/1349','Present','2024-08-26','T','D001'),
('ICT1233', 'TG/2022/1350','Present','2024-08-26','T','D001'),
('ICT1233', 'TG/2022/1351','Present','2024-08-26','T','D001'),
('ICT1233', 'TG/2022/1352','Present','2024-08-26','T','D001'),
('ICT1233', 'TG/2022/1353','Present','2024-08-26','T','D001'),
('ICT1233', 'TG/2022/1354','Present','2024-08-26','T','D001'),
('ICT1233', 'TG/2022/1355','Present','2024-08-26','T','D001'),
('ICT1233', 'TG/2022/1356','Present','2024-08-26','T','D001'),
('ICT1233', 'TG/2022/1357','Present','2024-08-26','T','D001'),
('ICT1233', 'TG/2022/1358','Present','2024-08-26','T','D001'),
('ICT1233', 'TG/2022/1359','Present','2024-08-26','T','D001'),


('ICT1233', 'TG/2022/1348', 'Present','2024-08-26','P','D001'),
('ICT1233', 'TG/2022/1349', 'Present','2024-08-26','P','D001'),
('ICT1233', 'TG/2022/1350', 'Present','2024-08-26','P','D001'),
('ICT1233', 'TG/2022/1351', 'Present','2024-08-26','P','D001'),
('ICT1233', 'TG/2022/1352', 'Present','2024-08-26','P','D001'),
('ICT1233', 'TG/2022/1353', 'Present','2024-08-26','P','D001'),
('ICT1233', 'TG/2022/1354', 'Present','2024-08-26','P','D001'),
('ICT1233', 'TG/2022/1355', 'Present','2024-08-26','P','D001'),
('ICT1233', 'TG/2022/1356', 'Present','2024-08-26','P','D001'),
('ICT1233', 'TG/2022/1357', 'Present','2024-08-26','P','D001'),
('ICT1233', 'TG/2022/1358', 'Present','2024-08-26','P','D001'),
('ICT1233', 'TG/2022/1359', 'Present','2024-08-26','P','D001'),


('ICT1212', 'TG/2022/1348', 'Present', '2024-08-27','T','D001'),
('ICT1212', 'TG/2022/1349', 'Present', '2024-08-27','T','D001'),
('ICT1212', 'TG/2022/1350', 'Present', '2024-08-27','T','D001'),
('ICT1212', 'TG/2022/1351', 'Absent', '2024-08-27','T','D001'),
('ICT1212', 'TG/2022/1352', 'Absent', '2024-08-27','T','D001'),
('ICT1212', 'TG/2022/1353', 'Present', '2024-08-27','T','D001'),
('ICT1212', 'TG/2022/1354', 'Present', '2024-08-27','T','D001'),
('ICT1212', 'TG/2022/1355', 'Present', '2024-08-27','T','D001'),
('ICT1212', 'TG/2022/1356', 'Present', '2024-08-27','T','D001'),
('ICT1212', 'TG/2022/1357', 'Present', '2024-08-27','T','D001'),
('ICT1212', 'TG/2022/1358', 'Present', '2024-08-27','T','D001'),
('ICT1212', 'TG/2022/1359', 'Present', '2024-08-27','T','D001'),


('ICT1222', 'TG/2022/1348', 'Present', '2024-08-27','P','D001'),
('ICT1222', 'TG/2022/1349', 'Present', '2024-08-27','P','D001'),
('ICT1222', 'TG/2022/1350', 'Present', '2024-08-27','P','D001'),
('ICT1222', 'TG/2022/1351', 'Present', '2024-08-27','P','D001'),
('ICT1222', 'TG/2022/1352', 'Present', '2024-08-27','P','D001'),
('ICT1222', 'TG/2022/1353', 'Present', '2024-08-27','P','D001'),
('ICT1222', 'TG/2022/1354', 'Present', '2024-08-27','P','D001'),
('ICT1222', 'TG/2022/1355', 'Present', '2024-08-27','P','D001'),
('ICT1222', 'TG/2022/1356', 'Present', '2024-08-27','P','D001'),
('ICT1222', 'TG/2022/1357', 'Present', '2024-08-27','P','D001'),
('ICT1222', 'TG/2022/1358', 'Present', '2024-08-27','P','D001'),
('ICT1222', 'TG/2022/1359', 'Present', '2024-08-27','P','D001'),


('TMS1233', 'TG/2022/1348', 'Present', '2024-08-28','T','D001'),
('TMS1233', 'TG/2022/1349', 'Present', '2024-08-28','T','D001'),
('TMS1233', 'TG/2022/1350', 'Present', '2024-08-28','T','D001'),
('TMS1233', 'TG/2022/1351', 'Present', '2024-08-28','T','D001'),
('TMS1233', 'TG/2022/1352', 'Present', '2024-08-28','T','D001'),
('TMS1233', 'TG/2022/1353', 'Present', '2024-08-28','T','D001'),
('TMS1233', 'TG/2022/1354', 'Present', '2024-08-28','T','D001'),
('TMS1233', 'TG/2022/1355', 'Present', '2024-08-28','T','D001'),
('TMS1233', 'TG/2022/1356', 'Present', '2024-08-28','T','D001'),
('TMS1233', 'TG/2022/1357', 'Present', '2024-08-28','T','D001'),
('TMS1233', 'TG/2022/1358', 'Present', '2024-08-28','T','D001'),
('TMS1233', 'TG/2022/1359', 'Present', '2024-08-28','T','D001'),



('ICT1242', 'TG/2022/1348', 'Present', '2024-08-29','T', 'D001'),
('ICT1242', 'TG/2022/1349', 'Present', '2024-08-29','T', 'D001'),
('ICT1242', 'TG/2022/1350', 'Present', '2024-08-29','T', 'D001'),
('ICT1242', 'TG/2022/1351', 'Present', '2024-08-29','T', 'D001'),
('ICT1242', 'TG/2022/1352', 'Present', '2024-08-29','T', 'D001'),
('ICT1242', 'TG/2022/1353', 'Present', '2024-08-29','T', 'D001'),
('ICT1242', 'TG/2022/1354', 'Present', '2024-08-29','T', 'D001'),
('ICT1242', 'TG/2022/1355', 'Present', '2024-08-29','T', 'D001'),
('ICT1242', 'TG/2022/1356', 'Present', '2024-08-29','T', 'D001'),
('ICT1242', 'TG/2022/1357', 'Present', '2024-08-29','T', 'D001'),
('ICT1242', 'TG/2022/1358', 'Present', '2024-08-29','T', 'D001'),
('ICT1242', 'TG/2022/1359', 'Present', '2024-08-29','T', 'D001'),



('ICT1253', 'TG/2022/1348', 'Present', '2024-08-29','T', 'D001'),
('ICT1253', 'TG/2022/1349', 'Present', '2024-08-29','T', 'D001'),
('ICT1253', 'TG/2022/1350', 'Present', '2024-08-29','T', 'D001'),
('ICT1253', 'TG/2022/1351', 'Present', '2024-08-29','T', 'D001'),
('ICT1253', 'TG/2022/1352', 'Present', '2024-08-29','T', 'D001'),
('ICT1253', 'TG/2022/1353', 'Present', '2024-08-29','T', 'D001'),
('ICT1253', 'TG/2022/1354', 'Present', '2024-08-29','T', 'D001'),
('ICT1253', 'TG/2022/1355', 'Present', '2024-08-29','T', 'D001'),
('ICT1253', 'TG/2022/1356', 'Present', '2024-08-29','T', 'D001'),
('ICT1253', 'TG/2022/1357', 'Present', '2024-08-29','T', 'D001'),
('ICT1253', 'TG/2022/1358', 'Present', '2024-08-29','T', 'D001'),
('ICT1253', 'TG/2022/1359', 'Present', '2024-08-29','T', 'D001'),


('ICT1253', 'TG/2022/1348', 'Present', '2024-08-29','P', 'D001'),
('ICT1253', 'TG/2022/1349', 'Present', '2024-08-29','P', 'D001'),
('ICT1253', 'TG/2022/1350', 'Present', '2024-08-29','P', 'D001'),
('ICT1253', 'TG/2022/1351', 'Present', '2024-08-29','P', 'D001'),
('ICT1253', 'TG/2022/1352', 'Present', '2024-08-29','P', 'D001'),
('ICT1253', 'TG/2022/1353', 'Present', '2024-08-29','P', 'D001'),
('ICT1253', 'TG/2022/1354', 'Present', '2024-08-29','P', 'D001'),
('ICT1253', 'TG/2022/1355', 'Present', '2024-08-29','P', 'D001'),
('ICT1253', 'TG/2022/1356', 'Present', '2024-08-29','P', 'D001'),
('ICT1253', 'TG/2022/1357', 'Present', '2024-08-29','P', 'D001'),
('ICT1253', 'TG/2022/1358', 'Present', '2024-08-29','P', 'D001'),
('ICT1253', 'TG/2022/1359', 'Present', '2024-08-29','P', 'D001'),


('ENG1222', 'TG/2022/1348', 'Present', '2024-08-30','T', 'D001'),
('ENG1222', 'TG/2022/1349', 'Present', '2024-08-30','T', 'D001'),
('ENG1222', 'TG/2022/1350', 'Present', '2024-08-30','T', 'D001'),
('ENG1222', 'TG/2022/1351', 'Present', '2024-08-30','T', 'D001'),
('ENG1222', 'TG/2022/1352', 'Present', '2024-08-30','T', 'D001'),
('ENG1222', 'TG/2022/1353', 'Present', '2024-08-30','T', 'D001'),
('ENG1222', 'TG/2022/1354', 'Present', '2024-08-30','T', 'D001'),
('ENG1222', 'TG/2022/1355', 'Present', '2024-08-30','T', 'D001'),
('ENG1222', 'TG/2022/1356', 'Present', '2024-08-30','T', 'D001'),
('ENG1222', 'TG/2022/1357', 'Present', '2024-08-30','T', 'D001'),
('ENG1222', 'TG/2022/1358', 'Present', '2024-08-30','T', 'D001'),
('ENG1222', 'TG/2022/1359', 'Present', '2024-08-30','T', 'D001'),



('TCS1212', 'TG/2022/1348', 'Present', '2024-08-30', 'T', 'D001'),
('TCS1212', 'TG/2022/1349', 'Present', '2024-08-30', 'T', 'D001'),
('TCS1212', 'TG/2022/1350', 'Present', '2024-08-30', 'T', 'D001'),
('TCS1212', 'TG/2022/1351', 'Present', '2024-08-30', 'T', 'D001'),
('TCS1212', 'TG/2022/1352', 'Present', '2024-08-30', 'T', 'D001'),
('TCS1212', 'TG/2022/1353', 'Present', '2024-08-30', 'T', 'D001'),
('TCS1212', 'TG/2022/1354', 'Present', '2024-08-30', 'T', 'D001'),
('TCS1212', 'TG/2022/1355', 'Present', '2024-08-30', 'T', 'D001'),
('TCS1212', 'TG/2022/1356', 'Present', '2024-08-30', 'T', 'D001'),
('TCS1212', 'TG/2022/1357', 'Present', '2024-08-30', 'T', 'D001'),
('TCS1212', 'TG/2022/1358', 'Present', '2024-08-30', 'T', 'D001'),
('TCS1212', 'TG/2022/1359', 'Present', '2024-08-30', 'T', 'D001'),


('ICT1233', 'TG/2022/1348', 'Present', '2024-09-2','T', 'D001'),
('ICT1233', 'TG/2022/1349', 'Present', '2024-09-2','T', 'D001'),
('ICT1233', 'TG/2022/1350', 'Present', '2024-09-2','T', 'D001'),
('ICT1233', 'TG/2022/1351', 'Present', '2024-09-2','T', 'D001'),
('ICT1233', 'TG/2022/1352', 'Present', '2024-09-2','T', 'D001'),
('ICT1233', 'TG/2022/1353', 'Present', '2024-09-2','T', 'D001'),
('ICT1233', 'TG/2022/1354', 'Present', '2024-09-2','T', 'D001'),
('ICT1233', 'TG/2022/1355', 'Present', '2024-09-2','T', 'D001'),
('ICT1233', 'TG/2022/1356', 'Present', '2024-09-2','T', 'D001'),
('ICT1233', 'TG/2022/1357', 'Present', '2024-09-2','T', 'D001'),
('ICT1233', 'TG/2022/1358', 'Present', '2024-09-2','T', 'D001'),
('ICT1233', 'TG/2022/1359', 'Present', '2024-09-2','T', 'D001'),


('ICT1233', 'TG/2022/1348', 'Present', '2024-09-2','P', 'D001'),
('ICT1233', 'TG/2022/1349', 'Present', '2024-09-2','P', 'D001'),
('ICT1233', 'TG/2022/1350', 'Present', '2024-09-2','P', 'D001'),
('ICT1233', 'TG/2022/1351', 'Present', '2024-09-2','P', 'D001'),
('ICT1233', 'TG/2022/1352', 'Present', '2024-09-2','P', 'D001'),
('ICT1233', 'TG/2022/1353', 'Present', '2024-09-2','P', 'D001'),
('ICT1233', 'TG/2022/1354', 'Present', '2024-09-2','P', 'D001'),
('ICT1233', 'TG/2022/1355', 'Present', '2024-09-2','P', 'D001'),
('ICT1233', 'TG/2022/1356', 'Present', '2024-09-2','P', 'D001'),
('ICT1233', 'TG/2022/1357', 'Present', '2024-09-2','P', 'D001'),
('ICT1233', 'TG/2022/1358', 'Present', '2024-09-2','P', 'D001'),
('ICT1233', 'TG/2022/1359', 'Present', '2024-09-2','P', 'D001'),


('ICT1212', 'TG/2022/1348', 'Present', '2024-09-03','T', 'D001'),
('ICT1212', 'TG/2022/1349', 'Present', '2024-09-03','T', 'D001'),
('ICT1212', 'TG/2022/1350', 'Present', '2024-09-03','T', 'D001'),
('ICT1212', 'TG/2022/1351', 'Present', '2024-09-03','T', 'D001'),
('ICT1212', 'TG/2022/1352', 'Present', '2024-09-03','T', 'D001'),
('ICT1212', 'TG/2022/1353', 'Present', '2024-09-03','T', 'D001'),
('ICT1212', 'TG/2022/1354', 'Present', '2024-09-03','T', 'D001'),
('ICT1212', 'TG/2022/1355', 'Present', '2024-09-03','T', 'D001'),
('ICT1212', 'TG/2022/1356', 'Present', '2024-09-03','T', 'D001'),
('ICT1212', 'TG/2022/1357', 'Present', '2024-09-03','T', 'D001'),
('ICT1212', 'TG/2022/1358', 'Present', '2024-09-03','T', 'D001'),
('ICT1212', 'TG/2022/1359', 'Present', '2024-09-03','T', 'D001'),



('ICT1222', 'TG/2022/1348', 'Present', '2024-09-03','P', 'D001'),
('ICT1222', 'TG/2022/1349', 'Present', '2024-09-03','P', 'D001'),
('ICT1222', 'TG/2022/1350', 'Present', '2024-09-03','P', 'D001'),
('ICT1222', 'TG/2022/1351', 'Present', '2024-09-03','P', 'D001'),
('ICT1222', 'TG/2022/1352', 'Present', '2024-09-03','P', 'D001'),
('ICT1222', 'TG/2022/1353', 'Present', '2024-09-03','P', 'D001'),
('ICT1222', 'TG/2022/1354', 'Present', '2024-09-03','P', 'D001'),
('ICT1222', 'TG/2022/1355', 'Present', '2024-09-03','P', 'D001'),
('ICT1222', 'TG/2022/1356', 'Present', '2024-09-03','P', 'D001'),
('ICT1222', 'TG/2022/1357', 'Present', '2024-09-03','P', 'D001'),
('ICT1222', 'TG/2022/1358', 'Present', '2024-09-03','P', 'D001'),
('ICT1222', 'TG/2022/1359', 'Present', '2024-09-03','P', 'D001'),


('TMS1233', 'TG/2022/1348', 'Present', '2024-09-04','T', 'D001'),
('TMS1233', 'TG/2022/1349', 'Present', '2024-09-04','T', 'D001'),
('TMS1233', 'TG/2022/1350', 'Present', '2024-09-04','T', 'D001'),
('TMS1233', 'TG/2022/1351', 'Present', '2024-09-04','T', 'D001'),
('TMS1233', 'TG/2022/1352', 'Present', '2024-09-04','T', 'D001'),
('TMS1233', 'TG/2022/1353', 'Present', '2024-09-04','T', 'D001'),
('TMS1233', 'TG/2022/1354', 'Present', '2024-09-04','T', 'D001'),
('TMS1233', 'TG/2022/1355', 'Present', '2024-09-04','T', 'D001'),
('TMS1233', 'TG/2022/1356', 'Present', '2024-09-04','T', 'D001'),
('TMS1233', 'TG/2022/1357', 'Present', '2024-09-04','T', 'D001'),
('TMS1233', 'TG/2022/1358', 'Present', '2024-09-04','T', 'D001'),
('TMS1233', 'TG/2022/1359', 'Present', '2024-09-04','T', 'D001'),



('ICT1242', 'TG/2022/1348', 'Present', '2024-09-05','T', 'D001'),
('ICT1242', 'TG/2022/1349', 'Present', '2024-09-05','T', 'D001'),
('ICT1242', 'TG/2022/1350', 'Present', '2024-09-05','T', 'D001'),
('ICT1242', 'TG/2022/1351', 'Present', '2024-09-05','T', 'D001'),
('ICT1242', 'TG/2022/1352', 'Absent', '2024-09-05','T', 'D001'),
('ICT1242', 'TG/2022/1353', 'Present', '2024-09-05','T', 'D001'),
('ICT1242', 'TG/2022/1354', 'Absent', '2024-09-05','T',  'D001'),
('ICT1242', 'TG/2022/1355', 'Present', '2024-09-05','T', 'D001'),
('ICT1242', 'TG/2022/1356', 'Present', '2024-09-05','T', 'D001'),
('ICT1242', 'TG/2022/1357', 'Present', '2024-09-05','T', 'D001'),
('ICT1242', 'TG/2022/1358', 'Present', '2024-09-05','T', 'D001'),
('ICT1242', 'TG/2022/1359', 'Present', '2024-09-05','T', 'D001'),


('ICT1253', 'TG/2022/1348', 'Present', '2024-09-05','T', 'D001'),
('ICT1253', 'TG/2022/1349', 'Present', '2024-09-05','T', 'D001'),
('ICT1253', 'TG/2022/1350', 'Present', '2024-09-05','T', 'D001'),
('ICT1253', 'TG/2022/1351', 'Present', '2024-09-05','T', 'D001'),
('ICT1253', 'TG/2022/1352', 'Present', '2024-09-05','T', 'D001'),
('ICT1253', 'TG/2022/1353', 'Present', '2024-09-05','T', 'D001'),
('ICT1253', 'TG/2022/1354', 'Present', '2024-09-05','T', 'D001'),
('ICT1253', 'TG/2022/1355', 'Present', '2024-09-05','T', 'D001'),
('ICT1253', 'TG/2022/1356', 'Present', '2024-09-05','T', 'D001'),
('ICT1253', 'TG/2022/1357', 'Present', '2024-09-05','T', 'D001'),
('ICT1253', 'TG/2022/1358', 'Present', '2024-09-05','T', 'D001'),
('ICT1253', 'TG/2022/1359', 'Present', '2024-09-05','T', 'D001'),



('ICT1253', 'TG/2022/1348', 'Present', '2024-09-05','P', 'D001'),
('ICT1253', 'TG/2022/1349', 'Present', '2024-09-05','P', 'D001'),
('ICT1253', 'TG/2022/1350', 'Present', '2024-09-05','P', 'D001'),
('ICT1253', 'TG/2022/1351', 'Present', '2024-09-05','P', 'D001'),
('ICT1253', 'TG/2022/1352', 'Present', '2024-09-05','P', 'D001'),
('ICT1253', 'TG/2022/1353', 'Present', '2024-09-05','P', 'D001'),
('ICT1253', 'TG/2022/1354', 'Present', '2024-09-05','P', 'D001'),
('ICT1253', 'TG/2022/1355', 'Present', '2024-09-05','P', 'D001'),
('ICT1253', 'TG/2022/1356', 'Present', '2024-09-05','P', 'D001'),
('ICT1253', 'TG/2022/1357', 'Present', '2024-09-05','P', 'D001'),
('ICT1253', 'TG/2022/1358', 'Present', '2024-09-05','P', 'D001'),
('ICT1253', 'TG/2022/1359', 'Present', '2024-09-05','P', 'D001'),


('ENG1222', 'TG/2022/1348', 'Present', '2024-09-06','T', 'D001'),
('ENG1222', 'TG/2022/1349', 'Present', '2024-09-06','T', 'D001'),
('ENG1222', 'TG/2022/1350', 'Present', '2024-09-06','T', 'D001'),
('ENG1222', 'TG/2022/1351', 'Present', '2024-09-06','T', 'D001'),
('ENG1222', 'TG/2022/1352', 'Present', '2024-09-06','T', 'D001'),
('ENG1222', 'TG/2022/1353', 'Present', '2024-09-06','T', 'D001'),
('ENG1222', 'TG/2022/1354', 'Present', '2024-09-06','T', 'D001'),
('ENG1222', 'TG/2022/1355', 'Present', '2024-09-06','T', 'D001'),
('ENG1222', 'TG/2022/1356', 'Present', '2024-09-06','T', 'D001'),
('ENG1222', 'TG/2022/1357', 'Present', '2024-09-06','T', 'D001'),
('ENG1222', 'TG/2022/1358', 'Present', '2024-09-06','T', 'D001'),
('ENG1222', 'TG/2022/1359', 'Present', '2024-09-06','T', 'D001'),



('TCS1212', 'TG/2022/1348', 'Present', '2024-09-06', 'T', 'D001'),
('TCS1212', 'TG/2022/1349', 'Present', '2024-09-06', 'T', 'D001'),
('TCS1212', 'TG/2022/1350', 'Present', '2024-09-06', 'T', 'D001'),
('TCS1212', 'TG/2022/1351', 'Present', '2024-09-06', 'T', 'D001'),
('TCS1212', 'TG/2022/1352', 'Present', '2024-09-06', 'T', 'D001'),
('TCS1212', 'TG/2022/1353', 'Present', '2024-09-06', 'T', 'D001'),
('TCS1212', 'TG/2022/1354', 'Present', '2024-09-06', 'T', 'D001'),
('TCS1212', 'TG/2022/1355', 'Present', '2024-09-06', 'T', 'D001'),
('TCS1212', 'TG/2022/1356', 'Present', '2024-09-06', 'T', 'D001'),
('TCS1212', 'TG/2022/1357', 'Present', '2024-09-06', 'T', 'D001'),
('TCS1212', 'TG/2022/1358', 'Present', '2024-09-06', 'T', 'D001'),
('TCS1212', 'TG/2022/1359', 'Present', '2024-09-06', 'T', 'D001'),


('ICT1233', 'TG/2022/1348', 'Present', '2024-09-09','T', 'D001'),
('ICT1233', 'TG/2022/1349', 'Present', '2024-09-09', 'T','D001'),
('ICT1233', 'TG/2022/1350', 'Present', '2024-09-09', 'T','D001'),
('ICT1233', 'TG/2022/1351', 'Present', '2024-09-09','T', 'D001'),
('ICT1233', 'TG/2022/1352', 'Present', '2024-09-09','T', 'D001'),
('ICT1233', 'TG/2022/1353', 'Present', '2024-09-09','T', 'D001'),
('ICT1233', 'TG/2022/1354', 'Present', '2024-09-09','T', 'D001'),
('ICT1233', 'TG/2022/1355', 'Present', '2024-09-09','T', 'D001'),
('ICT1233', 'TG/2022/1356', 'Present', '2024-09-09','T', 'D001'),
('ICT1233', 'TG/2022/1357', 'Present', '2024-09-09','T', 'D001'),
('ICT1233', 'TG/2022/1358', 'Present', '2024-09-09','T', 'D001'),
('ICT1233', 'TG/2022/1359', 'Present', '2024-09-09','T', 'D001'),



('ICT1233', 'TG/2022/1348', 'Present', '2024-09-09', 'P','D001'),
('ICT1233', 'TG/2022/1349', 'Present', '2024-09-09','P', 'D001'),
('ICT1233', 'TG/2022/1350', 'Present', '2024-09-09','P', 'D001'),
('ICT1233', 'TG/2022/1351', 'Present', '2024-09-09','P', 'D001'),
('ICT1233', 'TG/2022/1352', 'Present', '2024-09-09','P', 'D001'),
('ICT1233', 'TG/2022/1353', 'Present', '2024-09-09','P', 'D001'),
('ICT1233', 'TG/2022/1354', 'Present', '2024-09-09','P', 'D001'),
('ICT1233', 'TG/2022/1355', 'Present', '2024-09-09','P', 'D001'),
('ICT1233', 'TG/2022/1356', 'Present', '2024-09-09','P', 'D001'),
('ICT1233', 'TG/2022/1357', 'Present', '2024-09-09','P', 'D001'),
('ICT1233', 'TG/2022/1358', 'Present', '2024-09-09','P', 'D001'),
('ICT1233', 'TG/2022/1359', 'Present', '2024-09-09','P', 'D001'),



('ICT1212', 'TG/2022/1348', 'Present', '2024-09-10','T', 'D001'),
('ICT1212', 'TG/2022/1349', 'Present', '2024-09-10','T', 'D001'),
('ICT1212', 'TG/2022/1350', 'Present', '2024-09-10','T', 'D001'),
('ICT1212', 'TG/2022/1351', 'Present', '2024-09-10','T', 'D001'),
('ICT1212', 'TG/2022/1352', 'Present', '2024-09-10','T', 'D001'),
('ICT1212', 'TG/2022/1353', 'Present', '2024-09-10','T', 'D001'),
('ICT1212', 'TG/2022/1354', 'Present', '2024-09-10','T', 'D001'),
('ICT1212', 'TG/2022/1355', 'Present', '2024-09-10','T', 'D001'),
('ICT1212', 'TG/2022/1356', 'Present', '2024-09-10','T', 'D001'),
('ICT1212', 'TG/2022/1357', 'Present', '2024-09-10','T', 'D001'),
('ICT1212', 'TG/2022/1358', 'Present', '2024-09-10','T', 'D001'),
('ICT1212', 'TG/2022/1359', 'Present', '2024-09-10','T', 'D001'),



('ICT1222', 'TG/2022/1348', 'Present', '2024-09-10','P', 'D001'),
('ICT1222', 'TG/2022/1349', 'Present', '2024-09-10','P', 'D001'),
('ICT1222', 'TG/2022/1350', 'Present', '2024-09-10','P', 'D001'),
('ICT1222', 'TG/2022/1351', 'Present', '2024-09-10','P', 'D001'),
('ICT1222', 'TG/2022/1352', 'Present', '2024-09-10','P', 'D001'),
('ICT1222', 'TG/2022/1353', 'Present', '2024-09-10','P', 'D001'),
('ICT1222', 'TG/2022/1354', 'Present', '2024-09-10','P', 'D001'),
('ICT1222', 'TG/2022/1355', 'Present', '2024-09-10','P', 'D001'),
('ICT1222', 'TG/2022/1356', 'Present', '2024-09-10','P', 'D001'),
('ICT1222', 'TG/2022/1357', 'Present', '2024-09-10','P', 'D001'),
('ICT1222', 'TG/2022/1358', 'Present', '2024-09-10','P', 'D001'),
('ICT1222', 'TG/2022/1359', 'Present', '2024-09-10','P', 'D001'),



('TMS1233', 'TG/2022/1348', 'Present', '2024-09-11','T', 'D001'),
('TMS1233', 'TG/2022/1349', 'Present', '2024-09-11','T', 'D001'),
('TMS1233', 'TG/2022/1350', 'Present', '2024-09-11','T', 'D001'),
('TMS1233', 'TG/2022/1351', 'Present', '2024-09-11','T', 'D001'),
('TMS1233', 'TG/2022/1352', 'Present', '2024-09-11','T', 'D001'),
('TMS1233', 'TG/2022/1353', 'Present', '2024-09-11','T', 'D001'),
('TMS1233', 'TG/2022/1354', 'Present', '2024-09-11','T', 'D001'),
('TMS1233', 'TG/2022/1355', 'Present', '2024-09-11','T', 'D001'),
('TMS1233', 'TG/2022/1356', 'Present', '2024-09-11','T', 'D001'),
('TMS1233', 'TG/2022/1357', 'Present', '2024-09-11','T', 'D001'),
('TMS1233', 'TG/2022/1358', 'Present', '2024-09-11','T', 'D001'),
('TMS1233', 'TG/2022/1359', 'Present', '2024-09-11','T', 'D001'),


('ICT1242', 'TG/2022/1348', 'Present', '2024-09-12','T', 'D001'),
('ICT1242', 'TG/2022/1349', 'Present', '2024-09-12','T', 'D001'),
('ICT1242', 'TG/2022/1350', 'Present', '2024-09-12','T', 'D001'),
('ICT1242', 'TG/2022/1351', 'Present', '2024-09-12','T', 'D001'),
('ICT1242', 'TG/2022/1352', 'Present', '2024-09-12','T', 'D001'),
('ICT1242', 'TG/2022/1353', 'Present', '2024-09-12','T', 'D001'),
('ICT1242', 'TG/2022/1354', 'Absent',  '2024-09-12', 'T', 'D001'),
('ICT1242', 'TG/2022/1355', 'Present', '2024-09-12','T', 'D001'),
('ICT1242', 'TG/2022/1356', 'Present', '2024-09-12','T', 'D001'),
('ICT1242', 'TG/2022/1357', 'Present', '2024-09-12', 'T','D001'),
('ICT1242', 'TG/2022/1358', 'Present', '2024-09-12', 'T','D001'),
('ICT1242', 'TG/2022/1359', 'Present', '2024-09-12', 'T','D001'),




('ICT1253', 'TG/2022/1348', 'Present', '2024-09-12','T', 'D001'),
('ICT1253', 'TG/2022/1349', 'Present', '2024-09-12','T', 'D001'),
('ICT1253', 'TG/2022/1350', 'Present', '2024-09-12','T', 'D001'),
('ICT1253', 'TG/2022/1351', 'Present', '2024-09-12','T', 'D001'),
('ICT1253', 'TG/2022/1352', 'Present', '2024-09-12','T', 'D001'),
('ICT1253', 'TG/2022/1353', 'Present', '2024-09-12','T', 'D001'),
('ICT1253', 'TG/2022/1354', 'Present', '2024-09-12','T', 'D001'),
('ICT1253', 'TG/2022/1355', 'Present', '2024-09-12','T', 'D001'),
('ICT1253', 'TG/2022/1356', 'Present', '2024-09-12','T', 'D001'),
('ICT1253', 'TG/2022/1357', 'Present', '2024-09-12', 'T','D001'),
('ICT1253', 'TG/2022/1358', 'Present', '2024-09-12', 'T','D001'),
('ICT1253', 'TG/2022/1359', 'Present', '2024-09-12', 'T','D001'),



('ICT1253', 'TG/2022/1348', 'Present', '2024-09-12','P', 'D001'),
('ICT1253', 'TG/2022/1349', 'Present', '2024-09-12','P', 'D001'),
('ICT1253', 'TG/2022/1350', 'Present', '2024-09-12','P', 'D001'),
('ICT1253', 'TG/2022/1351', 'Present', '2024-09-12','P', 'D001'),
('ICT1253', 'TG/2022/1352', 'Present', '2024-09-12','P', 'D001'),
('ICT1253', 'TG/2022/1353', 'Present', '2024-09-12','P', 'D001'),
('ICT1253', 'TG/2022/1354', 'Present', '2024-09-12','P', 'D001'),
('ICT1253', 'TG/2022/1355', 'Present', '2024-09-12','P', 'D001'),
('ICT1253', 'TG/2022/1356', 'Present', '2024-09-12','P', 'D001'),
('ICT1253', 'TG/2022/1357', 'Present', '2024-09-12','P', 'D001'),
('ICT1253', 'TG/2022/1358', 'Present', '2024-09-12','P', 'D001'),
('ICT1253', 'TG/2022/1359', 'Present', '2024-09-12','P', 'D001'),


('ENG1222', 'TG/2022/1348', 'Present', '2024-09-13','T', 'D001'),
('ENG1222', 'TG/2022/1349', 'Present', '2024-09-13','T', 'D001'),
('ENG1222', 'TG/2022/1350', 'Present', '2024-09-13','T', 'D001'),
('ENG1222', 'TG/2022/1351', 'Present', '2024-09-13','T', 'D001'),
('ENG1222', 'TG/2022/1352', 'Present', '2024-09-13','T', 'D001'),
('ENG1222', 'TG/2022/1353', 'Present', '2024-09-13','T', 'D001'),
('ENG1222', 'TG/2022/1354', 'Present', '2024-09-13','T', 'D001'),
('ENG1222', 'TG/2022/1355', 'Present', '2024-09-13','T', 'D001'),
('ENG1222', 'TG/2022/1356', 'Present', '2024-09-13', 'T','D001'),
('ENG1222', 'TG/2022/1357', 'Present', '2024-09-13','T', 'D001'),
('ENG1222', 'TG/2022/1358', 'Present', '2024-09-13','T', 'D001'),
('ENG1222', 'TG/2022/1359', 'Present', '2024-09-13','T', 'D001'),



('TCS1212', 'TG/2022/1348', 'Present', '2024-09-13', 'T', 'D001'),
('TCS1212', 'TG/2022/1349', 'Present', '2024-09-13', 'T', 'D001'),
('TCS1212', 'TG/2022/1350', 'Present', '2024-09-13', 'T', 'D001'),
('TCS1212', 'TG/2022/1351', 'Present', '2024-09-13', 'T', 'D001'),
('TCS1212', 'TG/2022/1352', 'Present', '2024-09-13', 'T', 'D001'),
('TCS1212', 'TG/2022/1353', 'Present', '2024-09-13', 'T', 'D001'),
('TCS1212', 'TG/2022/1354', 'Present', '2024-09-13', 'T', 'D001'),
('TCS1212', 'TG/2022/1355', 'Present', '2024-09-13', 'T', 'D001'),
('TCS1212', 'TG/2022/1356', 'Present', '2024-09-13', 'T', 'D001'),
('TCS1212', 'TG/2022/1357', 'Present', '2024-09-13', 'T', 'D001'),
('TCS1212', 'TG/2022/1358', 'Present', '2024-09-13', 'T', 'D001'),
('TCS1212', 'TG/2022/1359', 'Present', '2024-09-13', 'T', 'D001'),


('ICT1233', 'TG/2022/1348', 'Present', '2024-09-16','T', 'D001'),
('ICT1233', 'TG/2022/1349', 'Present', '2024-09-16', 'T','D001'),
('ICT1233', 'TG/2022/1350', 'Present', '2024-09-16', 'T','D001'),
('ICT1233', 'TG/2022/1351', 'Present', '2024-09-16','T', 'D001'),
('ICT1233', 'TG/2022/1352', 'Present', '2024-09-16','T', 'D001'),
('ICT1233', 'TG/2022/1353', 'Present', '2024-09-16','T', 'D001'),
('ICT1233', 'TG/2022/1354', 'Present', '2024-09-16','T', 'D001'),
('ICT1233', 'TG/2022/1355', 'Present', '2024-09-16','T', 'D001'),
('ICT1233', 'TG/2022/1356', 'Present', '2024-09-16','T', 'D001'),
('ICT1233', 'TG/2022/1357', 'Present', '2024-09-16','T', 'D001'),
('ICT1233', 'TG/2022/1358', 'Present', '2024-09-16','T', 'D001'),
('ICT1233', 'TG/2022/1359', 'Present', '2024-09-16','T', 'D001'),



('ICT1233', 'TG/2022/1348', 'Present', '2024-09-16', 'P','D001'),
('ICT1233', 'TG/2022/1349', 'Present', '2024-09-16','P', 'D001'),
('ICT1233', 'TG/2022/1350', 'Present', '2024-09-16','P', 'D001'),
('ICT1233', 'TG/2022/1351', 'Present', '2024-09-16','P', 'D001'),
('ICT1233', 'TG/2022/1352', 'Present', '2024-09-16','P', 'D001'),
('ICT1233', 'TG/2022/1353', 'Present', '2024-09-16','P', 'D001'),
('ICT1233', 'TG/2022/1354', 'Present', '2024-09-16','P', 'D001'),
('ICT1233', 'TG/2022/1355', 'Present', '2024-09-16','P', 'D001'),
('ICT1233', 'TG/2022/1356', 'Present', '2024-09-16','P', 'D001'),
('ICT1233', 'TG/2022/1357', 'Present', '2024-09-16','P', 'D001'),
('ICT1233', 'TG/2022/1358', 'Present', '2024-09-16','P', 'D001'),
('ICT1233', 'TG/2022/1359', 'Present', '2024-09-16','P', 'D001'),



('ICT1212', 'TG/2022/1348', 'Present', '2024-09-17','T', 'D001'),
('ICT1212', 'TG/2022/1349', 'Present', '2024-09-17','T', 'D001'),
('ICT1212', 'TG/2022/1350', 'Present', '2024-09-17','T', 'D001'),
('ICT1212', 'TG/2022/1351', 'Present', '2024-09-17','T', 'D001'),
('ICT1212', 'TG/2022/1352', 'Present', '2024-09-17','T', 'D001'),
('ICT1212', 'TG/2022/1353', 'Present', '2024-09-17','T', 'D001'),
('ICT1212', 'TG/2022/1354', 'Present', '2024-09-17','T', 'D001'),
('ICT1212', 'TG/2022/1355', 'Present', '2024-09-17','T', 'D001'),
('ICT1212', 'TG/2022/1356', 'Present', '2024-09-17','T', 'D001'),
('ICT1212', 'TG/2022/1357', 'Present', '2024-09-17','T', 'D001'),
('ICT1212', 'TG/2022/1358', 'Present', '2024-09-17','T', 'D001'),
('ICT1212', 'TG/2022/1359', 'Present', '2024-09-17','T', 'D001'),


('ICT1222', 'TG/2022/1348', 'Present', '2024-09-17','P', 'D001'),
('ICT1222', 'TG/2022/1349', 'Present', '2024-09-17','P', 'D001'),
('ICT1222', 'TG/2022/1350', 'Present', '2024-09-17','P', 'D001'),
('ICT1222', 'TG/2022/1351', 'Present', '2024-09-17','P', 'D001'),
('ICT1222', 'TG/2022/1352', 'Present', '2024-09-17','P', 'D001'),
('ICT1222', 'TG/2022/1353', 'Present', '2024-09-17','P', 'D001'),
('ICT1222', 'TG/2022/1354', 'Present', '2024-09-17','P', 'D001'),
('ICT1222', 'TG/2022/1355', 'Present', '2024-09-17','P', 'D001'),
('ICT1222', 'TG/2022/1356', 'Present', '2024-09-17','P', 'D001'),
('ICT1222', 'TG/2022/1357', 'Present', '2024-09-17','P', 'D001'),
('ICT1222', 'TG/2022/1358', 'Present', '2024-09-17','P', 'D001'),
('ICT1222', 'TG/2022/1359', 'Present', '2024-09-17','P', 'D001'),


('TMS1233', 'TG/2022/1348', 'Present', '2024-09-18','T', 'D001'),
('TMS1233', 'TG/2022/1349', 'Present', '2024-09-18','T', 'D001'),
('TMS1233', 'TG/2022/1350', 'Present', '2024-09-18','T', 'D001'),
('TMS1233', 'TG/2022/1351', 'Present', '2024-09-18','T', 'D001'),
('TMS1233', 'TG/2022/1352', 'Present', '2024-09-18','T', 'D001'),
('TMS1233', 'TG/2022/1353', 'Absent', '2024-09-18','T', 'D001'),
('TMS1233', 'TG/2022/1354', 'Present', '2024-09-18','T', 'D001'),
('TMS1233', 'TG/2022/1355', 'Present', '2024-09-18','T', 'D001'),
('TMS1233', 'TG/2022/1356', 'Present', '2024-09-18','T', 'D001'),
('TMS1233', 'TG/2022/1357', 'Absent', '2024-09-18','T', 'D001'),
('TMS1233', 'TG/2022/1358', 'Present', '2024-09-18','T', 'D001'),
('TMS1233', 'TG/2022/1359', 'Present', '2024-09-18','T', 'D001'),

 
('ICT1242', 'TG/2022/1348', 'Present', '2024-09-19','T', 'D001'),
('ICT1242', 'TG/2022/1349', 'Present', '2024-09-19','T', 'D001'),
('ICT1242', 'TG/2022/1350', 'Present', '2024-09-19','T', 'D001'),
('ICT1242', 'TG/2022/1351', 'Present', '2024-09-19','T', 'D001'),
('ICT1242', 'TG/2022/1352', 'Present', '2024-09-19','T', 'D001'),
('ICT1242', 'TG/2022/1353', 'Present', '2024-09-19','T', 'D001'),
('ICT1242', 'TG/2022/1354', 'Present', '2024-09-19','T', 'D001'),
('ICT1242', 'TG/2022/1355', 'Present', '2024-09-19','T', 'D001'),
('ICT1242', 'TG/2022/1356', 'Present', '2024-09-19','T', 'D001'),
('ICT1242', 'TG/2022/1357', 'Present', '2024-09-19', 'T','D001'),
('ICT1242', 'TG/2022/1358', 'Present', '2024-09-19', 'T','D001'),
('ICT1242', 'TG/2022/1359', 'Present', '2024-09-19', 'T','D001'),


('ICT1253', 'TG/2022/1348', 'Present', '2024-09-19','T', 'D001'),
('ICT1253', 'TG/2022/1349', 'Present', '2024-09-19','T', 'D001'),
('ICT1253', 'TG/2022/1350', 'Present', '2024-09-19','T', 'D001'),
('ICT1253', 'TG/2022/1351', 'Present', '2024-09-19','T', 'D001'),
('ICT1253', 'TG/2022/1352', 'Present', '2024-09-19','T', 'D001'),
('ICT1253', 'TG/2022/1353', 'Present', '2024-09-19','T', 'D001'),
('ICT1253', 'TG/2022/1354', 'Present', '2024-09-19','T', 'D001'),
('ICT1253', 'TG/2022/1355', 'Present', '2024-09-19','T', 'D001'),
('ICT1253', 'TG/2022/1356', 'Present', '2024-09-19','T', 'D001'),
('ICT1253', 'TG/2022/1357', 'Present', '2024-09-19','T', 'D001'),
('ICT1253', 'TG/2022/1358', 'Present', '2024-09-19','T', 'D001'),
('ICT1253', 'TG/2022/1359', 'Present', '2024-09-19','T', 'D001'),



('ICT1253', 'TG/2022/1348', 'Present', '2024-09-19','P', 'D001'),
('ICT1253', 'TG/2022/1349', 'Present', '2024-09-19','P', 'D001'),
('ICT1253', 'TG/2022/1350', 'Present', '2024-09-19','P', 'D001'),
('ICT1253', 'TG/2022/1351', 'Present', '2024-09-19','P', 'D001'),
('ICT1253', 'TG/2022/1352', 'Present', '2024-09-19','P', 'D001'),
('ICT1253', 'TG/2022/1353', 'Present', '2024-09-19','P', 'D001'),
('ICT1253', 'TG/2022/1354', 'Present', '2024-09-19','P', 'D001'),
('ICT1253', 'TG/2022/1355', 'Present', '2024-09-19','P', 'D001'),
('ICT1253', 'TG/2022/1356', 'Present', '2024-09-19','P', 'D001'),
('ICT1253', 'TG/2022/1357', 'Present', '2024-09-19','P', 'D001'),
('ICT1253', 'TG/2022/1358', 'Present', '2024-09-19','P', 'D001'),
('ICT1253', 'TG/2022/1359', 'Present', '2024-09-19','P', 'D001'),



('ENG1222', 'TG/2022/1348', 'Present', '2024-09-20', 'T', 'D001'),
('ENG1222', 'TG/2022/1349', 'Present', '2024-09-20', 'T', 'D001'),
('ENG1222', 'TG/2022/1350', 'Present', '2024-09-20', 'T', 'D001'),
('ENG1222', 'TG/2022/1351', 'Present', '2024-09-20', 'T', 'D001'),
('ENG1222', 'TG/2022/1352', 'Present', '2024-09-20', 'T', 'D001'),
('ENG1222', 'TG/2022/1353', 'Present', '2024-09-20', 'T', 'D001'),
('ENG1222', 'TG/2022/1354', 'Present', '2024-09-20', 'T', 'D001'),
('ENG1222', 'TG/2022/1355', 'Present', '2024-09-20', 'T', 'D001'),
('ENG1222', 'TG/2022/1356', 'Present', '2024-09-20', 'T', 'D001'),
('ENG1222', 'TG/2022/1357', 'Present', '2024-09-20', 'T', 'D001'),
('ENG1222', 'TG/2022/1358', 'Present', '2024-09-20', 'T', 'D001'),
('ENG1222', 'TG/2022/1359', 'Present', '2024-09-20', 'T', 'D001'),



('TCS1212', 'TG/2022/1348', 'Present', '2024-09-20', 'T', 'D001'),
('TCS1212', 'TG/2022/1349', 'Present', '2024-09-20', 'T', 'D001'),
('TCS1212', 'TG/2022/1350', 'Present', '2024-09-20', 'T', 'D001'),
('TCS1212', 'TG/2022/1351', 'Present', '2024-09-20', 'T', 'D001'),
('TCS1212', 'TG/2022/1352', 'Present', '2024-09-20', 'T', 'D001'),
('TCS1212', 'TG/2022/1353', 'Present', '2024-09-20', 'T', 'D001'),
('TCS1212', 'TG/2022/1354', 'Present', '2024-09-20', 'T', 'D001'),
('TCS1212', 'TG/2022/1355', 'Present', '2024-09-20', 'T', 'D001'),
('TCS1212', 'TG/2022/1356', 'Present', '2024-09-20', 'T', 'D001'),
('TCS1212', 'TG/2022/1357', 'Present', '2024-09-20', 'T', 'D001'),
('TCS1212', 'TG/2022/1358', 'Present', '2024-09-20', 'T', 'D001'),
('TCS1212', 'TG/2022/1359', 'Present', '2024-09-20', 'T', 'D001'),


('ICT1233', 'TG/2022/1348', 'Present', '2024-09-23', 'T', 'D001'),
('ICT1233', 'TG/2022/1349', 'Present', '2024-09-23', 'T', 'D001'),
('ICT1233', 'TG/2022/1350', 'Present', '2024-09-23', 'T', 'D001'),
('ICT1233', 'TG/2022/1351', 'Present', '2024-09-23', 'T', 'D001'),
('ICT1233', 'TG/2022/1352', 'Present', '2024-09-23', 'T', 'D001'),
('ICT1233', 'TG/2022/1353', 'Present', '2024-09-23', 'T', 'D001'),
('ICT1233', 'TG/2022/1354', 'Present', '2024-09-23', 'T', 'D001'),
('ICT1233', 'TG/2022/1355', 'Present', '2024-09-23', 'T', 'D001'),
('ICT1233', 'TG/2022/1356', 'Present', '2024-09-23', 'T', 'D001'),
('ICT1233', 'TG/2022/1357', 'Present', '2024-09-23', 'T', 'D001'),
('ICT1233', 'TG/2022/1358', 'Present', '2024-09-23', 'T', 'D001'),
('ICT1233', 'TG/2022/1359', 'Present', '2024-09-23', 'T', 'D001'),


('ICT1233', 'TG/2022/1348', 'Present', '2024-09-23', 'P', 'D001'),
('ICT1233', 'TG/2022/1349', 'Present', '2024-09-23', 'P', 'D001'),
('ICT1233', 'TG/2022/1350', 'Present', '2024-09-23', 'P', 'D001'),
('ICT1233', 'TG/2022/1351', 'Present', '2024-09-23', 'P', 'D001'),
('ICT1233', 'TG/2022/1352', 'Present', '2024-09-23', 'P', 'D001'),
('ICT1233', 'TG/2022/1353', 'Present', '2024-09-23', 'P', 'D001'),
('ICT1233', 'TG/2022/1354', 'Present', '2024-09-23', 'P', 'D001'),
('ICT1233', 'TG/2022/1355', 'Present', '2024-09-23', 'P', 'D001'),
('ICT1233', 'TG/2022/1356', 'Present', '2024-09-23', 'P', 'D001'),
('ICT1233', 'TG/2022/1357', 'Present', '2024-09-23', 'P', 'D001'),
('ICT1233', 'TG/2022/1358', 'Present', '2024-09-23', 'P', 'D001'),
('ICT1233', 'TG/2022/1359', 'Present', '2024-09-23', 'P', 'D001'),


('ICT1212', 'TG/2022/1348', 'Present', '2024-09-24', 'T', 'D001'),
('ICT1212', 'TG/2022/1349', 'Present', '2024-09-24', 'T', 'D001'),
('ICT1212', 'TG/2022/1350', 'Present', '2024-09-24', 'T', 'D001'),
('ICT1212', 'TG/2022/1351', 'Present', '2024-09-24', 'T', 'D001'),
('ICT1212', 'TG/2022/1352', 'Absent', '2024-09-24', 'T', 'D001'),
('ICT1212', 'TG/2022/1353', 'Present', '2024-09-24', 'T', 'D001'),
('ICT1212', 'TG/2022/1354', 'Present', '2024-09-24', 'T', 'D001'),
('ICT1212', 'TG/2022/1355', 'Present', '2024-09-24', 'T', 'D001'),
('ICT1212', 'TG/2022/1356', 'Present', '2024-09-24', 'T', 'D001'),
('ICT1212', 'TG/2022/1357', 'Present', '2024-09-24', 'T', 'D001'),
('ICT1212', 'TG/2022/1358', 'Present', '2024-09-24', 'T', 'D001'),
('ICT1212', 'TG/2022/1359', 'Present', '2024-09-24', 'T', 'D001'),


('ICT1222', 'TG/2022/1348', 'Present', '2024-09-24','P', 'D001'),
('ICT1222', 'TG/2022/1349', 'Present', '2024-09-24','P', 'D001'),
('ICT1222', 'TG/2022/1350', 'Present', '2024-09-24','P', 'D001'),
('ICT1222', 'TG/2022/1351', 'Present', '2024-09-24','P', 'D001'),
('ICT1222', 'TG/2022/1352', 'Present', '2024-09-24','P', 'D001'),
('ICT1222', 'TG/2022/1353', 'Present', '2024-09-24','P', 'D001'),
('ICT1222', 'TG/2022/1354', 'Present', '2024-09-24','P', 'D001'),
('ICT1222', 'TG/2022/1355', 'Present', '2024-09-24','P', 'D001'),
('ICT1222', 'TG/2022/1356', 'Present', '2024-09-24','P', 'D001'),
('ICT1222', 'TG/2022/1357', 'Present', '2024-09-24','P', 'D001'),
('ICT1222', 'TG/2022/1358', 'Present', '2024-09-24','P', 'D001'),
('ICT1222', 'TG/2022/1359', 'Present', '2024-09-24','P', 'D001'),


('TMS1233', 'TG/2022/1348', 'Present', '2024-09-25','T', 'D001'),
('TMS1233', 'TG/2022/1349', 'Present', '2024-09-25','T', 'D001'),
('TMS1233', 'TG/2022/1350', 'Present', '2024-09-25','T', 'D001'),
('TMS1233', 'TG/2022/1351', 'Present', '2024-09-25','T', 'D001'),
('TMS1233', 'TG/2022/1352', 'Present', '2024-09-25','T', 'D001'),
('TMS1233', 'TG/2022/1353', 'Present', '2024-09-25','T', 'D001'),
('TMS1233', 'TG/2022/1354', 'Present', '2024-09-25','T', 'D001'),
('TMS1233', 'TG/2022/1355', 'Present', '2024-09-25','T', 'D001'),
('TMS1233', 'TG/2022/1356', 'Present', '2024-09-25','T', 'D001'),
('TMS1233', 'TG/2022/1357', 'Present', '2024-09-25','T', 'D001'),
('TMS1233', 'TG/2022/1358', 'Present', '2024-09-25','T', 'D001'),
('TMS1233', 'TG/2022/1359', 'Present', '2024-09-25','T', 'D001'),


('ICT1242', 'TG/2022/1348', 'Present', '2024-09-26','T', 'D001'),
('ICT1242', 'TG/2022/1349', 'Present', '2024-09-26','T', 'D001'),
('ICT1242', 'TG/2022/1350', 'Present', '2024-09-26','T', 'D001'),
('ICT1242', 'TG/2022/1351', 'Present', '2024-09-26','T', 'D001'),
('ICT1242', 'TG/2022/1352', 'Present', '2024-09-26','T', 'D001'),
('ICT1242', 'TG/2022/1353', 'Present', '2024-09-26','T', 'D001'),
('ICT1242', 'TG/2022/1354', 'Present', '2024-09-26','T', 'D001'),
('ICT1242', 'TG/2022/1355', 'Present', '2024-09-26','T', 'D001'),
('ICT1242', 'TG/2022/1356', 'Present', '2024-09-26','T', 'D001'),
('ICT1242', 'TG/2022/1357', 'Present', '2024-09-26','T', 'D001'),
('ICT1242', 'TG/2022/1358', 'Present', '2024-09-26','T', 'D001'),
('ICT1242', 'TG/2022/1359', 'Present', '2024-09-26','T', 'D001'),



('ICT1253', 'TG/2022/1348', 'Present', '2024-09-26','T', 'D001'),
('ICT1253', 'TG/2022/1349', 'Present', '2024-09-26','T', 'D001'),
('ICT1253', 'TG/2022/1350', 'Present', '2024-09-26','T', 'D001'),
('ICT1253', 'TG/2022/1351', 'Present', '2024-09-26','T', 'D001'),
('ICT1253', 'TG/2022/1352', 'Present', '2024-09-26','T', 'D001'),
('ICT1253', 'TG/2022/1353', 'Present', '2024-09-26','T', 'D001'),
('ICT1253', 'TG/2022/1354', 'Present', '2024-09-26','T', 'D001'),
('ICT1253', 'TG/2022/1355', 'Present', '2024-09-26','T', 'D001'),
('ICT1253', 'TG/2022/1356', 'Present', '2024-09-26','T', 'D001'),
('ICT1253', 'TG/2022/1357', 'Present', '2024-09-26','T', 'D001'),
('ICT1253', 'TG/2022/1358', 'Present', '2024-09-26','T', 'D001'),
('ICT1253', 'TG/2022/1359', 'Present', '2024-09-26','T', 'D001'),



('ICT1253', 'TG/2022/1348', 'Present', '2024-09-26','P', 'D001'),
('ICT1253', 'TG/2022/1349', 'Present', '2024-09-26','P', 'D001'),
('ICT1253', 'TG/2022/1350', 'Present', '2024-09-26','P', 'D001'),
('ICT1253', 'TG/2022/1351', 'Present', '2024-09-26','P', 'D001'),
('ICT1253', 'TG/2022/1352', 'Present', '2024-09-26','P', 'D001'),
('ICT1253', 'TG/2022/1353', 'Present', '2024-09-26','P', 'D001'),
('ICT1253', 'TG/2022/1354', 'Present', '2024-09-26','P', 'D001'),
('ICT1253', 'TG/2022/1355', 'Present', '2024-09-26','P', 'D001'),
('ICT1253', 'TG/2022/1356', 'Present', '2024-09-26','P', 'D001'),
('ICT1253', 'TG/2022/1357', 'Present', '2024-09-26','P', 'D001'),
('ICT1253', 'TG/2022/1358', 'Present', '2024-09-26','P', 'D001'),
('ICT1253', 'TG/2022/1359', 'Present', '2024-09-26','P', 'D001'),



('ENG1222', 'TG/2022/1348', 'Present', '2024-09-27','T', 'D001'),
('ENG1222', 'TG/2022/1349', 'Present', '2024-09-27','T', 'D001'),
('ENG1222', 'TG/2022/1350', 'Present', '2024-09-27','T', 'D001'),
('ENG1222', 'TG/2022/1351', 'Present', '2024-09-27','T', 'D001'),
('ENG1222', 'TG/2022/1352', 'Present', '2024-09-27','T', 'D001'),
('ENG1222', 'TG/2022/1353', 'Present', '2024-09-27','T', 'D001'),
('ENG1222', 'TG/2022/1354', 'Present', '2024-09-27','T', 'D001'),
('ENG1222', 'TG/2022/1355', 'Present', '2024-09-27','T', 'D001'),
('ENG1222', 'TG/2022/1356', 'Present', '2024-09-27', 'T','D001'),
('ENG1222', 'TG/2022/1357', 'Present', '2024-09-27','T', 'D001'),
('ENG1222', 'TG/2022/1358', 'Present', '2024-09-27', 'T','D001'),
('ENG1222', 'TG/2022/1359', 'Present', '2024-09-27','T', 'D001'),


('TCS1212', 'TG/2022/1348', 'Present', '2024-09-27', 'T', 'D001'),
('TCS1212', 'TG/2022/1349', 'Absent', '2024-09-27', 'T', 'D001'),
('TCS1212', 'TG/2022/1350', 'Present', '2024-09-27', 'T', 'D001'),
('TCS1212', 'TG/2022/1351', 'Present', '2024-09-27', 'T', 'D001'),
('TCS1212', 'TG/2022/1352', 'Present', '2024-09-27', 'T', 'D001'),
('TCS1212', 'TG/2022/1353', 'Present', '2024-09-27', 'T', 'D001'),
('TCS1212', 'TG/2022/1354', 'Present', '2024-09-27', 'T', 'D001'),
('TCS1212', 'TG/2022/1355', 'Present', '2024-09-27', 'T', 'D001'),
('TCS1212', 'TG/2022/1356', 'Present', '2024-09-27', 'T', 'D001'),
('TCS1212', 'TG/2022/1357', 'Present', '2024-09-27', 'T', 'D001'),
('TCS1212', 'TG/2022/1358', 'Present', '2024-09-27', 'T', 'D001'),
('TCS1212', 'TG/2022/1359', 'Present', '2024-09-27', 'T', 'D001'),


('ICT1233', 'TG/2022/1348', 'Present', '2024-09-30','T', 'D001'),
('ICT1233', 'TG/2022/1349', 'Present', '2024-09-30', 'T','D001'),
('ICT1233', 'TG/2022/1350', 'Present', '2024-09-30', 'T','D001'),
('ICT1233', 'TG/2022/1351', 'Present', '2024-09-30','T', 'D001'),
('ICT1233', 'TG/2022/1352', 'Present', '2024-09-30','T', 'D001'),
('ICT1233', 'TG/2022/1353', 'Present', '2024-09-30','T', 'D001'),
('ICT1233', 'TG/2022/1354', 'Present', '2024-09-30','T', 'D001'),
('ICT1233', 'TG/2022/1355', 'Present', '2024-09-30','T', 'D001'),
('ICT1233', 'TG/2022/1356', 'Present', '2024-09-30','T', 'D001'),
('ICT1233', 'TG/2022/1357', 'Present', '2024-09-30','T', 'D001'),
('ICT1233', 'TG/2022/1358', 'Present', '2024-09-30','T', 'D001'),
('ICT1233', 'TG/2022/1359', 'Present', '2024-09-30','T', 'D001'),


('ICT1233', 'TG/2022/1348', 'Present', '2024-09-30', 'P','D001'),
('ICT1233', 'TG/2022/1349', 'Present', '2024-09-30','P', 'D001'),
('ICT1233', 'TG/2022/1350', 'Present', '2024-09-30','P', 'D001'),
('ICT1233', 'TG/2022/1351', 'Present', '2024-09-30','P', 'D001'),
('ICT1233', 'TG/2022/1352', 'Present', '2024-09-30','P', 'D001'),
('ICT1233', 'TG/2022/1353', 'Present', '2024-09-30','P', 'D001'),
('ICT1233', 'TG/2022/1354', 'Present', '2024-09-30','P', 'D001'),
('ICT1233', 'TG/2022/1355', 'Present', '2024-09-30','P', 'D001'),
('ICT1233', 'TG/2022/1356', 'Present', '2024-09-30','P', 'D001'),
('ICT1233', 'TG/2022/1357', 'Present', '2024-09-30','P', 'D001'),
('ICT1233', 'TG/2022/1358', 'Present', '2024-09-30','P', 'D001'),
('ICT1233', 'TG/2022/1359', 'Present', '2024-09-30','P', 'D001'),


('ICT1212', 'TG/2022/1348', 'Present', '2024-10-01','T', 'D001'),
('ICT1212', 'TG/2022/1349', 'Present', '2024-10-01','T', 'D001'),
('ICT1212', 'TG/2022/1350', 'Present', '2024-10-01','T', 'D001'),
('ICT1212', 'TG/2022/1351', 'Present', '2024-10-01','T', 'D001'),
('ICT1212', 'TG/2022/1352', 'Present', '2024-10-01','T', 'D001'),
('ICT1212', 'TG/2022/1353', 'Present', '2024-10-01','T', 'D001'),
('ICT1212', 'TG/2022/1354', 'Present', '2024-10-01','T', 'D001'),
('ICT1212', 'TG/2022/1355', 'Present', '2024-10-01','T', 'D001'),
('ICT1212', 'TG/2022/1356', 'Present', '2024-10-01','T', 'D001'),
('ICT1212', 'TG/2022/1357', 'Present', '2024-10-01','T', 'D001'),
('ICT1212', 'TG/2022/1358', 'Present', '2024-10-01','T', 'D001'),
('ICT1212', 'TG/2022/1359', 'Present', '2024-10-01','T', 'D001'),


('ICT1222', 'TG/2022/1348', 'Present', '2024-10-01','P', 'D001'),
('ICT1222', 'TG/2022/1349', 'Present', '2024-10-01','P', 'D001'),
('ICT1222', 'TG/2022/1350', 'Present', '2024-10-01','P', 'D001'),
('ICT1222', 'TG/2022/1351', 'Present', '2024-10-01','P', 'D001'),
('ICT1222', 'TG/2022/1352', 'Present', '2024-10-01','P', 'D001'),
('ICT1222', 'TG/2022/1353', 'Present', '2024-10-01','P', 'D001'),
('ICT1222', 'TG/2022/1354', 'Present', '2024-10-01','P', 'D001'),
('ICT1222', 'TG/2022/1355', 'Present', '2024-10-01','P', 'D001'),
('ICT1222', 'TG/2022/1356', 'Present', '2024-10-01','P', 'D001'),
('ICT1222', 'TG/2022/1357', 'Present', '2024-10-01','P', 'D001'),
('ICT1222', 'TG/2022/1358', 'Present', '2024-10-01','P', 'D001'),
('ICT1222', 'TG/2022/1359', 'Present', '2024-10-01','P', 'D001'),


('TMS1233', 'TG/2022/1348', 'Present', '2024-10-02','T', 'D001'),
('TMS1233', 'TG/2022/1349', 'Present', '2024-10-02','T', 'D001'),
('TMS1233', 'TG/2022/1350', 'Present', '2024-10-02','T', 'D001'),
('TMS1233', 'TG/2022/1351', 'Present', '2024-10-02','T', 'D001'),
('TMS1233', 'TG/2022/1352', 'Present', '2024-10-02','T', 'D001'),
('TMS1233', 'TG/2022/1353', 'Present', '2024-10-02','T', 'D001'),
('TMS1233', 'TG/2022/1354', 'Present', '2024-10-02','T', 'D001'),
('TMS1233', 'TG/2022/1355', 'Present', '2024-10-02','T', 'D001'),
('TMS1233', 'TG/2022/1356', 'Present', '2024-10-02','T', 'D001'),
('TMS1233', 'TG/2022/1357', 'Present', '2024-10-02','T', 'D001'),
('TMS1233', 'TG/2022/1358', 'Present', '2024-10-02','T', 'D001'),
('TMS1233', 'TG/2022/1359', 'Present', '2024-10-02','T', 'D001'),


('ICT1242', 'TG/2022/1348', 'Present', '2024-10-03','T', 'D001'),
('ICT1242', 'TG/2022/1349', 'Present', '2024-10-03','T', 'D001'),
('ICT1242', 'TG/2022/1350', 'Present', '2024-10-03','T', 'D001'),
('ICT1242', 'TG/2022/1351', 'Present', '2024-10-03','T', 'D001'),
('ICT1242', 'TG/2022/1352', 'Present', '2024-10-03','T', 'D001'),
('ICT1242', 'TG/2022/1353', 'Present', '2024-10-03','T', 'D001'),
('ICT1242', 'TG/2022/1354', 'Present', '2024-10-03','T', 'D001'),
('ICT1242', 'TG/2022/1355', 'Present', '2024-10-03','T', 'D001'),
('ICT1242', 'TG/2022/1356', 'Present', '2024-10-03','T', 'D001'),
('ICT1242', 'TG/2022/1357', 'Present', '2024-10-03', 'T','D001'),
('ICT1242', 'TG/2022/1358', 'Present', '2024-10-03','T', 'D001'),
('ICT1242', 'TG/2022/1359', 'Present', '2024-10-03', 'T','D001'),


('ICT1253', 'TG/2022/1348', 'Present', '2024-10-03','T', 'D001'),
('ICT1253', 'TG/2022/1349', 'Present', '2024-10-03','T', 'D001'),
('ICT1253', 'TG/2022/1350', 'Present', '2024-10-03','T', 'D001'),
('ICT1253', 'TG/2022/1351', 'Present', '2024-10-03','T', 'D001'),
('ICT1253', 'TG/2022/1352', 'Present', '2024-10-03','T', 'D001'),
('ICT1253', 'TG/2022/1353', 'Present', '2024-10-03','T', 'D001'),
('ICT1253', 'TG/2022/1354', 'Present', '2024-10-03','T', 'D001'),
('ICT1253', 'TG/2022/1355', 'Present', '2024-10-03','T', 'D001'),
('ICT1253', 'TG/2022/1356', 'Present', '2024-10-03','T', 'D001'),
('ICT1253', 'TG/2022/1357', 'Present', '2024-10-03','T', 'D001'),
('ICT1253', 'TG/2022/1358', 'Present', '2024-10-03','T', 'D001'),
('ICT1253', 'TG/2022/1359', 'Present', '2024-10-03','T', 'D001'),


('ICT1253', 'TG/2022/1348', 'Present', '2024-10-03','P', 'D001'),
('ICT1253', 'TG/2022/1349', 'Present', '2024-10-03','P', 'D001'),
('ICT1253', 'TG/2022/1350', 'Present', '2024-10-03','P', 'D001'),
('ICT1253', 'TG/2022/1351', 'Present', '2024-10-03','P', 'D001'),
('ICT1253', 'TG/2022/1352', 'Present', '2024-10-03','P', 'D001'),
('ICT1253', 'TG/2022/1353', 'Present', '2024-10-03','P', 'D001'),
('ICT1253', 'TG/2022/1354', 'Present', '2024-10-03','P', 'D001'),
('ICT1253', 'TG/2022/1355', 'Present', '2024-10-03','P', 'D001'),
('ICT1253', 'TG/2022/1356', 'Present', '2024-10-03','P', 'D001'),
('ICT1253', 'TG/2022/1357', 'Present', '2024-10-03','P', 'D001'),
('ICT1253', 'TG/2022/1358', 'Present', '2024-10-03','P', 'D001'),
('ICT1253', 'TG/2022/1359', 'Present', '2024-10-03','P', 'D001'),


('ENG1222', 'TG/2022/1348', 'Present', '2024-10-04','T', 'D001'),
('ENG1222', 'TG/2022/1349', 'Present', '2024-10-04','T', 'D001'),
('ENG1222', 'TG/2022/1350', 'Present', '2024-10-04','T', 'D001'),
('ENG1222', 'TG/2022/1351', 'Present', '2024-10-04','T', 'D001'),
('ENG1222', 'TG/2022/1352', 'Present', '2024-10-04','T', 'D001'),
('ENG1222', 'TG/2022/1353', 'Present', '2024-10-04','T', 'D001'),
('ENG1222', 'TG/2022/1354', 'Present', '2024-10-04','T', 'D001'),
('ENG1222', 'TG/2022/1355', 'Present', '2024-10-04','T', 'D001'),
('ENG1222', 'TG/2022/1356', 'Present', '2024-10-04', 'T','D001'),
('ENG1222', 'TG/2022/1357', 'Present', '2024-10-04','T', 'D001'),
('ENG1222', 'TG/2022/1358', 'Present', '2024-10-04', 'T','D001'),
('ENG1222', 'TG/2022/1359', 'Present', '2024-10-04','T', 'D001'),



('TCS1212', 'TG/2022/1348', 'Present', '2024-10-04', 'T', 'D001'),
('TCS1212', 'TG/2022/1349', 'Absent', '2024-10-04', 'T', 'D001'),
('TCS1212', 'TG/2022/1350', 'Present', '2024-10-04', 'T', 'D001'),
('TCS1212', 'TG/2022/1351', 'Present', '2024-10-04', 'T', 'D001'),
('TCS1212', 'TG/2022/1352', 'Present', '2024-10-04', 'T', 'D001'),
('TCS1212', 'TG/2022/1353', 'Present', '2024-10-04', 'T', 'D001'),
('TCS1212', 'TG/2022/1354', 'Present', '2024-10-04', 'T', 'D001'),
('TCS1212', 'TG/2022/1355', 'Present', '2024-10-04', 'T', 'D001'),
('TCS1212', 'TG/2022/1356', 'Present', '2024-10-04', 'T', 'D001'),
('TCS1212', 'TG/2022/1357', 'Present', '2024-10-04', 'T', 'D001'),
('TCS1212', 'TG/2022/1358', 'Present', '2024-10-04', 'T', 'D001'),
('TCS1212', 'TG/2022/1359', 'Present', '2024-10-04', 'T', 'D001'),


('ICT1233', 'TG/2022/1348', 'Present', '2024-10-07','T', 'D001'),
('ICT1233', 'TG/2022/1349', 'Present', '2024-10-07','T','D001'),
('ICT1233', 'TG/2022/1350', 'Absent', '2024-10-07','T','D001'),
('ICT1233', 'TG/2022/1351', 'Absent', '2024-10-07','T', 'D001'),
('ICT1233', 'TG/2022/1352', 'Present', '2024-10-07','T', 'D001'),
('ICT1233', 'TG/2022/1353', 'Present', '2024-10-07','T', 'D001'),
('ICT1233', 'TG/2022/1354', 'Present', '2024-10-07','T', 'D001'),
('ICT1233', 'TG/2022/1355', 'Present', '2024-10-07','T', 'D001'),
('ICT1233', 'TG/2022/1356', 'Present', '2024-10-07','T', 'D001'),
('ICT1233', 'TG/2022/1357', 'Present', '2024-10-07','T', 'D001'),
('ICT1233', 'TG/2022/1358', 'Present', '2024-10-07','T', 'D001'),
('ICT1233', 'TG/2022/1359', 'Present', '2024-10-07','T', 'D001'),


('ICT1233', 'TG/2022/1348', 'Present', '2024-10-07', 'P','D001'),
('ICT1233', 'TG/2022/1349', 'Present', '2024-10-07','P', 'D001'),
('ICT1233', 'TG/2022/1350', 'Present', '2024-10-07','P', 'D001'),
('ICT1233', 'TG/2022/1351', 'Present', '2024-10-07','P', 'D001'),
('ICT1233', 'TG/2022/1352', 'Present', '2024-10-07','P', 'D001'),
('ICT1233', 'TG/2022/1353', 'Present', '2024-10-07','P', 'D001'),
('ICT1233', 'TG/2022/1354', 'Present', '2024-10-07','P', 'D001'),
('ICT1233', 'TG/2022/1355', 'Present', '2024-10-07','P', 'D001'),
('ICT1233', 'TG/2022/1356', 'Present', '2024-10-07','P', 'D001'),
('ICT1233', 'TG/2022/1357', 'Present', '2024-10-07','P', 'D001'),
('ICT1233', 'TG/2022/1358', 'Present', '2024-10-07','P', 'D001'),
('ICT1233', 'TG/2022/1359', 'Present', '2024-10-07','P', 'D001'),



('ICT1212', 'TG/2022/1348', 'Present', '2024-10-08','T', 'D001'),
('ICT1212', 'TG/2022/1349', 'Present', '2024-10-08','T', 'D001'),
('ICT1212', 'TG/2022/1350', 'Present', '2024-10-08','T', 'D001'),
('ICT1212', 'TG/2022/1351', 'Present', '2024-10-08','T', 'D001'),
('ICT1212', 'TG/2022/1352', 'Present', '2024-10-08','T', 'D001'),
('ICT1212', 'TG/2022/1353', 'Present', '2024-10-08','T', 'D001'),
('ICT1212', 'TG/2022/1354', 'Present', '2024-10-08','T', 'D001'),
('ICT1212', 'TG/2022/1355', 'Present', '2024-10-08','T', 'D001'),
('ICT1212', 'TG/2022/1356', 'Present', '2024-10-08','T', 'D001'),
('ICT1212', 'TG/2022/1357', 'Present', '2024-10-08','T', 'D001'),
('ICT1212', 'TG/2022/1358', 'Present', '2024-10-08','T', 'D001'),
('ICT1212', 'TG/2022/1359', 'Present', '2024-10-08','T', 'D001'),


('ICT1222', 'TG/2022/1348', 'Present', '2024-10-08','P', 'D001'),
('ICT1222', 'TG/2022/1349', 'Present', '2024-10-08','P', 'D001'),
('ICT1222', 'TG/2022/1350', 'Present', '2024-10-08','P', 'D001'),
('ICT1222', 'TG/2022/1351', 'Present', '2024-10-08','P', 'D001'),
('ICT1222', 'TG/2022/1352', 'Present', '2024-10-08','P', 'D001'),
('ICT1222', 'TG/2022/1353', 'Present', '2024-10-08','P', 'D001'),
('ICT1222', 'TG/2022/1354', 'Present', '2024-10-08','P', 'D001'),
('ICT1222', 'TG/2022/1355', 'Present', '2024-10-08','P', 'D001'),
('ICT1222', 'TG/2022/1356', 'Present', '2024-10-08','P', 'D001'),
('ICT1222', 'TG/2022/1357', 'Present', '2024-10-08','P', 'D001'),
('ICT1222', 'TG/2022/1358', 'Present', '2024-10-08','P', 'D001'),
('ICT1222', 'TG/2022/1359', 'Present', '2024-10-08','P', 'D001'),


('TMS1233', 'TG/2022/1348', 'Present', '2024-10-09','T', 'D001'),
('TMS1233', 'TG/2022/1349', 'Present', '2024-10-09','T', 'D001'),
('TMS1233', 'TG/2022/1350', 'Present', '2024-10-09','T', 'D001'),
('TMS1233', 'TG/2022/1351', 'Present', '2024-10-09','T', 'D001'),
('TMS1233', 'TG/2022/1352', 'Present', '2024-10-09','T', 'D001'),
('TMS1233', 'TG/2022/1353', 'Present', '2024-10-09','T', 'D001'),
('TMS1233', 'TG/2022/1354', 'Present', '2024-10-09','T', 'D001'),
('TMS1233', 'TG/2022/1355', 'Present', '2024-10-09','T', 'D001'),
('TMS1233', 'TG/2022/1356', 'Present', '2024-10-09','T', 'D001'),
('TMS1233', 'TG/2022/1357', 'Present', '2024-10-09','T', 'D001'),
('TMS1233', 'TG/2022/1358', 'Present', '2024-10-09','T', 'D001'),
('TMS1233', 'TG/2022/1359', 'Present', '2024-10-09','T', 'D001'),


('ICT1242', 'TG/2022/1348', 'Present', '2024-10-10','T', 'D001'),
('ICT1242', 'TG/2022/1349', 'Present', '2024-10-10','T', 'D001'),
('ICT1242', 'TG/2022/1350', 'Present', '2024-10-10','T', 'D001'),
('ICT1242', 'TG/2022/1351', 'Present', '2024-10-10','T', 'D001'),
('ICT1242', 'TG/2022/1352', 'Present', '2024-10-10','T', 'D001'),
('ICT1242', 'TG/2022/1353', 'Present', '2024-10-10','T', 'D001'),
('ICT1242', 'TG/2022/1354', 'Absent', '2024-10-10','T', 'D001'),
('ICT1242', 'TG/2022/1355', 'Present', '2024-10-10','T', 'D001'),
('ICT1242', 'TG/2022/1356', 'Present', '2024-10-10','T', 'D001'),
('ICT1242', 'TG/2022/1357', 'Absent', '2024-10-10', 'T','D001'),
('ICT1242', 'TG/2022/1358', 'Present', '2024-10-10','T', 'D001'),
('ICT1242', 'TG/2022/1359', 'Present', '2024-10-10', 'T','D001'),


('ICT1253', 'TG/2022/1348', 'Present', '2024-10-10','T', 'D001'),
('ICT1253', 'TG/2022/1349', 'Present', '2024-10-10','T', 'D001'),
('ICT1253', 'TG/2022/1350', 'Present', '2024-10-10','T', 'D001'),
('ICT1253', 'TG/2022/1351', 'Present', '2024-10-10','T', 'D001'),
('ICT1253', 'TG/2022/1352', 'Present', '2024-10-10','T', 'D001'),
('ICT1253', 'TG/2022/1353', 'Present', '2024-10-10','T', 'D001'),
('ICT1253', 'TG/2022/1354', 'Present', '2024-10-10','T', 'D001'),
('ICT1253', 'TG/2022/1355', 'Present', '2024-10-10','T', 'D001'),
('ICT1253', 'TG/2022/1356', 'Present', '2024-10-10','T', 'D001'),
('ICT1253', 'TG/2022/1357', 'Present', '2024-10-10', 'T','D001'),
('ICT1253', 'TG/2022/1358', 'Present', '2024-10-10','T', 'D001'),
('ICT1253', 'TG/2022/1359', 'Present', '2024-10-10', 'T','D001'),


('ICT1253', 'TG/2022/1348', 'Present', '2024-10-10','P', 'D001'),
('ICT1253', 'TG/2022/1349', 'Present', '2024-10-10','P', 'D001'),
('ICT1253', 'TG/2022/1350', 'Present', '2024-10-10','P', 'D001'),
('ICT1253', 'TG/2022/1351', 'Present', '2024-10-10','P', 'D001'),
('ICT1253', 'TG/2022/1352', 'Present', '2024-10-10','P', 'D001'),
('ICT1253', 'TG/2022/1353', 'Present', '2024-10-10','P', 'D001'),
('ICT1253', 'TG/2022/1354', 'Present', '2024-10-10','P', 'D001'),
('ICT1253', 'TG/2022/1355', 'Present', '2024-10-10','P', 'D001'),
('ICT1253', 'TG/2022/1356', 'Present', '2024-10-10','P', 'D001'),
('ICT1253', 'TG/2022/1357', 'Present', '2024-10-10','P', 'D001'),
('ICT1253', 'TG/2022/1358', 'Present', '2024-10-10','P', 'D001'),
('ICT1253', 'TG/2022/1359', 'Present', '2024-10-10','P', 'D001'),


('ENG1222', 'TG/2022/1348', 'Present', '2024-10-11','T', 'D001'),
('ENG1222', 'TG/2022/1349', 'Present', '2024-10-11','T', 'D001'),
('ENG1222', 'TG/2022/1350', 'Present', '2024-10-11','T', 'D001'),
('ENG1222', 'TG/2022/1351', 'Present', '2024-10-11','T', 'D001'),
('ENG1222', 'TG/2022/1352', 'Present', '2024-10-11','T', 'D001'),
('ENG1222', 'TG/2022/1353', 'Present', '2024-10-11','T', 'D001'),
('ENG1222', 'TG/2022/1354', 'Present', '2024-10-11','T', 'D001'),
('ENG1222', 'TG/2022/1355', 'Present', '2024-10-11','T', 'D001'),
('ENG1222', 'TG/2022/1356', 'Present', '2024-10-11', 'T','D001'),
('ENG1222', 'TG/2022/1357', 'Present', '2024-10-11','T', 'D001'),
('ENG1222', 'TG/2022/1358', 'Present', '2024-10-11', 'T','D001'),
('ENG1222', 'TG/2022/1359', 'Present', '2024-10-11','T', 'D001'),


('TCS1212', 'TG/2022/1348', 'Present', '2024-10-11', 'T', 'D001'),
('TCS1212', 'TG/2022/1349', 'Present', '2024-10-11', 'T', 'D001'),
('TCS1212', 'TG/2022/1350', 'Present', '2024-10-11', 'T', 'D001'),
('TCS1212', 'TG/2022/1351', 'Present', '2024-10-11', 'T', 'D001'),
('TCS1212', 'TG/2022/1352', 'Present', '2024-10-11', 'T', 'D001'),
('TCS1212', 'TG/2022/1353', 'Present', '2024-10-11', 'T', 'D001'),
('TCS1212', 'TG/2022/1354', 'Present', '2024-10-11', 'T', 'D001'),
('TCS1212', 'TG/2022/1355', 'Present', '2024-10-11', 'T', 'D001'),
('TCS1212', 'TG/2022/1356', 'Present', '2024-10-11', 'T', 'D001'),
('TCS1212', 'TG/2022/1357', 'Present', '2024-10-11', 'T', 'D001'),
('TCS1212', 'TG/2022/1358', 'Present', '2024-10-11', 'T', 'D001'),
('TCS1212', 'TG/2022/1359', 'Present', '2024-10-11', 'T', 'D001'),


('ICT1233', 'TG/2022/1348', 'Present', '2024-10-14','T', 'D001'),
('ICT1233', 'TG/2022/1349', 'Present', '2024-10-14', 'T','D001'),
('ICT1233', 'TG/2022/1350', 'Present', '2024-10-14', 'T','D001'),
('ICT1233', 'TG/2022/1351', 'Present', '2024-10-14','T', 'D001'),
('ICT1233', 'TG/2022/1352', 'Present', '2024-10-14','T', 'D001'),
('ICT1233', 'TG/2022/1353', 'Present', '2024-10-14','T', 'D001'),
('ICT1233', 'TG/2022/1354', 'Present', '2024-10-14','T', 'D001'),
('ICT1233', 'TG/2022/1355', 'Present', '2024-10-14','T', 'D001'),
('ICT1233', 'TG/2022/1356', 'Present', '2024-10-14','T', 'D001'),
('ICT1233', 'TG/2022/1357', 'Present', '2024-10-14','T', 'D001'),
('ICT1233', 'TG/2022/1358', 'Present', '2024-10-14','T', 'D001'),
('ICT1233', 'TG/2022/1359', 'Present', '2024-10-14','T', 'D001'),


('ICT1233', 'TG/2022/1348', 'Present', '2024-10-14', 'P','D001'),
('ICT1233', 'TG/2022/1349', 'Present', '2024-10-14','P', 'D001'),
('ICT1233', 'TG/2022/1350', 'Present', '2024-10-14','P', 'D001'),
('ICT1233', 'TG/2022/1351', 'Present', '2024-10-14','P', 'D001'),
('ICT1233', 'TG/2022/1352', 'Present', '2024-10-14','P', 'D001'),
('ICT1233', 'TG/2022/1353', 'Present', '2024-10-14','P', 'D001'),
('ICT1233', 'TG/2022/1354', 'Present', '2024-10-14','P', 'D001'),
('ICT1233', 'TG/2022/1355', 'Present', '2024-10-14','P', 'D001'),
('ICT1233', 'TG/2022/1356', 'Present', '2024-10-14','P', 'D001'),
('ICT1233', 'TG/2022/1357', 'Present', '2024-10-14','P', 'D001'),
('ICT1233', 'TG/2022/1358', 'Present', '2024-10-14','P', 'D001'),
('ICT1233', 'TG/2022/1359', 'Present', '2024-10-14','P', 'D001'),


('ICT1212', 'TG/2022/1348', 'Present', '2024-10-15','T', 'D001'),
('ICT1212', 'TG/2022/1349', 'Present', '2024-10-15','T', 'D001'),
('ICT1212', 'TG/2022/1350', 'Present', '2024-10-15','T', 'D001'),
('ICT1212', 'TG/2022/1351', 'Present', '2024-10-15','T', 'D001'),
('ICT1212', 'TG/2022/1352', 'Absent', '2024-10-15','T', 'D001'),
('ICT1212', 'TG/2022/1353', 'Present', '2024-10-15','T', 'D001'),
('ICT1212', 'TG/2022/1354', 'Present', '2024-10-15','T', 'D001'),
('ICT1212', 'TG/2022/1355', 'Present', '2024-10-15','T', 'D001'),
('ICT1212', 'TG/2022/1356', 'Present', '2024-10-15','T', 'D001'),
('ICT1212', 'TG/2022/1357', 'Present', '2024-10-15','T', 'D001'),
('ICT1212', 'TG/2022/1358', 'Present', '2024-10-15','T', 'D001'),
('ICT1212', 'TG/2022/1359', 'Present', '2024-10-15','T', 'D001'),


('ICT1222', 'TG/2022/1348', 'Present', '2024-10-15','P', 'D001'),
('ICT1222', 'TG/2022/1349', 'Present', '2024-10-15','P', 'D001'),
('ICT1222', 'TG/2022/1350', 'Present', '2024-10-15','P', 'D001'),
('ICT1222', 'TG/2022/1351', 'Present', '2024-10-15','P', 'D001'),
('ICT1222', 'TG/2022/1352', 'Present', '2024-10-15','P', 'D001'),
('ICT1222', 'TG/2022/1353', 'Present', '2024-10-15','P', 'D001'),
('ICT1222', 'TG/2022/1354', 'Present', '2024-10-15','P', 'D001'),
('ICT1222', 'TG/2022/1355', 'Present', '2024-10-15','P', 'D001'),
('ICT1222', 'TG/2022/1356', 'Present', '2024-10-15','P', 'D001'),
('ICT1222', 'TG/2022/1357', 'Present', '2024-10-15','P', 'D001'),
('ICT1222', 'TG/2022/1358', 'Present', '2024-10-15','P', 'D001'),
('ICT1222', 'TG/2022/1359', 'Present', '2024-10-15','P', 'D001'),


('TMS1233', 'TG/2022/1348', 'Present', '2024-10-16','T', 'D001'),
('TMS1233', 'TG/2022/1349', 'Present', '2024-10-16','T', 'D001'),
('TMS1233', 'TG/2022/1350', 'Present', '2024-10-16','T', 'D001'),
('TMS1233', 'TG/2022/1351', 'Present', '2024-10-16','T', 'D001'),
('TMS1233', 'TG/2022/1352', 'Present', '2024-10-16','T', 'D001'),
('TMS1233', 'TG/2022/1353', 'Present', '2024-10-16','T', 'D001'),
('TMS1233', 'TG/2022/1354', 'Present', '2024-10-16','T', 'D001'),
('TMS1233', 'TG/2022/1355', 'Present', '2024-10-16','T', 'D001'),
('TMS1233', 'TG/2022/1356', 'Present', '2024-10-16','T', 'D001'),
('TMS1233', 'TG/2022/1357', 'Present', '2024-10-16','T', 'D001'),
('TMS1233', 'TG/2022/1358', 'Present', '2024-10-16','T', 'D001'),
('TMS1233', 'TG/2022/1359', 'Present', '2024-10-16','T', 'D001'),


('ICT1242', 'TG/2022/1348', 'Present', '2024-10-17','T', 'D001'),
('ICT1242', 'TG/2022/1349', 'Present', '2024-10-17','T', 'D001'),
('ICT1242', 'TG/2022/1350', 'Present', '2024-10-17','T', 'D001'),
('ICT1242', 'TG/2022/1351', 'Present', '2024-10-17','T', 'D001'),
('ICT1242', 'TG/2022/1352', 'Present', '2024-10-17','T', 'D001'),
('ICT1242', 'TG/2022/1353', 'Present', '2024-10-17','T', 'D001'),
('ICT1242', 'TG/2022/1354', 'Present', '2024-10-17','T', 'D001'),
('ICT1242', 'TG/2022/1355', 'Present', '2024-10-17','T', 'D001'),
('ICT1242', 'TG/2022/1356', 'Present', '2024-10-17','T', 'D001'),
('ICT1242', 'TG/2022/1357', 'Present', '2024-10-17', 'T','D001'),
('ICT1242', 'TG/2022/1358', 'Present', '2024-10-17','T', 'D001'),
('ICT1242', 'TG/2022/1359', 'Present', '2024-10-17', 'T','D001'),



('ICT1253', 'TG/2022/1348', 'Present', '2024-10-17','T', 'D001'),
('ICT1253', 'TG/2022/1349', 'Present', '2024-10-17','T', 'D001'),
('ICT1253', 'TG/2022/1350', 'Present', '2024-10-17','T', 'D001'),
('ICT1253', 'TG/2022/1351', 'Present', '2024-10-17','T', 'D001'),
('ICT1253', 'TG/2022/1352', 'Present', '2024-10-17','T', 'D001'),
('ICT1253', 'TG/2022/1353', 'Present', '2024-10-17','T', 'D001'),
('ICT1253', 'TG/2022/1354', 'Present', '2024-10-17','T', 'D001'),
('ICT1253', 'TG/2022/1355', 'Present', '2024-10-17','T', 'D001'),
('ICT1253', 'TG/2022/1356', 'Present', '2024-10-17','T', 'D001'),
('ICT1253', 'TG/2022/1357', 'Present', '2024-10-17', 'T','D001'),
('ICT1253', 'TG/2022/1358', 'Present', '2024-10-17','T', 'D001'),
('ICT1253', 'TG/2022/1359', 'Present', '2024-10-17', 'T','D001'),



('ICT1253', 'TG/2022/1348', 'Present', '2024-10-17','P', 'D001'),
('ICT1253', 'TG/2022/1349', 'Present', '2024-10-17','P', 'D001'),
('ICT1253', 'TG/2022/1350', 'Present', '2024-10-17','P', 'D001'),
('ICT1253', 'TG/2022/1351', 'Present', '2024-10-17','P', 'D001'),
('ICT1253', 'TG/2022/1352', 'Present', '2024-10-17','P', 'D001'),
('ICT1253', 'TG/2022/1353', 'Present', '2024-10-17','P', 'D001'),
('ICT1253', 'TG/2022/1354', 'Present', '2024-10-17','P', 'D001'),
('ICT1253', 'TG/2022/1355', 'Present', '2024-10-17','P', 'D001'),
('ICT1253', 'TG/2022/1356', 'Present', '2024-10-17','P', 'D001'),
('ICT1253', 'TG/2022/1357', 'Present', '2024-10-17','P', 'D001'),
('ICT1253', 'TG/2022/1358', 'Present', '2024-10-17','P', 'D001'),
('ICT1253', 'TG/2022/1359', 'Present', '2024-10-17','P', 'D001'),


 
('ENG1222', 'TG/2022/1348', 'Present', '2024-10-18','T', 'D001'),
('ENG1222', 'TG/2022/1349', 'Present', '2024-10-18','T', 'D001'),
('ENG1222', 'TG/2022/1350', 'Present', '2024-10-18','T', 'D001'),
('ENG1222', 'TG/2022/1351', 'Present', '2024-10-18','T', 'D001'),
('ENG1222', 'TG/2022/1352', 'Present', '2024-10-18','T', 'D001'),
('ENG1222', 'TG/2022/1353', 'Present', '2024-10-18','T', 'D001'),
('ENG1222', 'TG/2022/1354', 'Present', '2024-10-18','T', 'D001'),
('ENG1222', 'TG/2022/1355', 'Present', '2024-10-18','T', 'D001'),
('ENG1222', 'TG/2022/1356', 'Present', '2024-10-18', 'T','D001'),
('ENG1222', 'TG/2022/1357', 'Present', '2024-10-18','T', 'D001'),
('ENG1222', 'TG/2022/1358', 'Present', '2024-10-18', 'T','D001'),
('ENG1222', 'TG/2022/1359', 'Present', '2024-10-18','T', 'D001'),


('TCS1212', 'TG/2022/1348', 'Present', '2024-10-18', 'T', 'D001'),
('TCS1212', 'TG/2022/1349', 'Present', '2024-10-18', 'T', 'D001'),
('TCS1212', 'TG/2022/1350', 'Present', '2024-10-18', 'T', 'D001'),
('TCS1212', 'TG/2022/1351', 'Present', '2024-10-18', 'T', 'D001'),
('TCS1212', 'TG/2022/1352', 'Present', '2024-10-18', 'T', 'D001'),
('TCS1212', 'TG/2022/1353', 'Present', '2024-10-18', 'T', 'D001'),
('TCS1212', 'TG/2022/1354', 'Present', '2024-10-18', 'T', 'D001'),
('TCS1212', 'TG/2022/1355', 'Present', '2024-10-18', 'T', 'D001'),
('TCS1212', 'TG/2022/1356', 'Present', '2024-10-18', 'T', 'D001'),
('TCS1212', 'TG/2022/1357', 'Present', '2024-10-18', 'T', 'D001'),
('TCS1212', 'TG/2022/1358', 'Present', '2024-10-18', 'T', 'D001'),
('TCS1212', 'TG/2022/1359', 'Present', '2024-10-18', 'T', 'D001'),


('ICT1233', 'TG/2022/1348', 'Present', '2024-10-21','T', 'D001'),
('ICT1233', 'TG/2022/1349', 'Present', '2024-10-21', 'T','D001'),
('ICT1233', 'TG/2022/1350', 'Present', '2024-10-21', 'T','D001'),
('ICT1233', 'TG/2022/1351', 'Present', '2024-10-21','T', 'D001'),
('ICT1233', 'TG/2022/1352', 'Present', '2024-10-21','T', 'D001'),
('ICT1233', 'TG/2022/1353', 'Present', '2024-10-21','T', 'D001'),
('ICT1233', 'TG/2022/1354', 'Present', '2024-10-21','T', 'D001'),
('ICT1233', 'TG/2022/1355', 'Present', '2024-10-21','T', 'D001'),
('ICT1233', 'TG/2022/1356', 'Present', '2024-10-21','T', 'D001'),
('ICT1233', 'TG/2022/1357', 'Present', '2024-10-21','T', 'D001'),
('ICT1233', 'TG/2022/1358', 'Present', '2024-10-21','T', 'D001'),
('ICT1233', 'TG/2022/1359', 'Present', '2024-10-21','T', 'D001'),



('ICT1233', 'TG/2022/1348', 'Present', '2024-10-21', 'P','D001'),
('ICT1233', 'TG/2022/1349', 'Present', '2024-10-21','P', 'D001'),
('ICT1233', 'TG/2022/1350', 'Present', '2024-10-21','P', 'D001'),
('ICT1233', 'TG/2022/1351', 'Present', '2024-10-21','P', 'D001'),
('ICT1233', 'TG/2022/1352', 'Present', '2024-10-21','P', 'D001'),
('ICT1233', 'TG/2022/1353', 'Present', '2024-10-21','P', 'D001'),
('ICT1233', 'TG/2022/1354', 'Present', '2024-10-21','P', 'D001'),
('ICT1233', 'TG/2022/1355', 'Present', '2024-10-21','P', 'D001'),
('ICT1233', 'TG/2022/1356', 'Present', '2024-10-21','P', 'D001'),
('ICT1233', 'TG/2022/1357', 'Present', '2024-10-21','P', 'D001'),
('ICT1233', 'TG/2022/1358', 'Present', '2024-10-21','P', 'D001'),
('ICT1233', 'TG/2022/1359', 'Present', '2024-10-21','P', 'D001'),


('ICT1212', 'TG/2022/1348', 'Present', '2024-10-22','T', 'D001'),
('ICT1212', 'TG/2022/1349', 'Present', '2024-10-22','T', 'D001'),
('ICT1212', 'TG/2022/1350', 'Present', '2024-10-22','T', 'D001'),
('ICT1212', 'TG/2022/1351', 'Present', '2024-10-22','T', 'D001'),
('ICT1212', 'TG/2022/1352', 'Present', '2024-10-22','T', 'D001'),
('ICT1212', 'TG/2022/1353', 'Present', '2024-10-22','T', 'D001'),
('ICT1212', 'TG/2022/1354', 'Present', '2024-10-22','T', 'D001'),
('ICT1212', 'TG/2022/1355', 'Present', '2024-10-22','T', 'D001'),
('ICT1212', 'TG/2022/1356', 'Present', '2024-10-22','T', 'D001'),
('ICT1212', 'TG/2022/1357', 'Present', '2024-10-22','T', 'D001'),
('ICT1212', 'TG/2022/1358', 'Present', '2024-10-22','T', 'D001'),
('ICT1212', 'TG/2022/1359', 'Present', '2024-10-22','T', 'D001'),


('ICT1222', 'TG/2022/1348', 'Present', '2024-10-22','P', 'D001'),
('ICT1222', 'TG/2022/1349', 'Present', '2024-10-22','P', 'D001'),
('ICT1222', 'TG/2022/1350', 'Present', '2024-10-22','P', 'D001'),
('ICT1222', 'TG/2022/1351', 'Present', '2024-10-22','P', 'D001'),
('ICT1222', 'TG/2022/1352', 'Present', '2024-10-22','P', 'D001'),
('ICT1222', 'TG/2022/1353', 'Present', '2024-10-22','P', 'D001'),
('ICT1222', 'TG/2022/1354', 'Present', '2024-10-22','P', 'D001'),
('ICT1222', 'TG/2022/1355', 'Present', '2024-10-22','P', 'D001'),
('ICT1222', 'TG/2022/1356', 'Present', '2024-10-22','P', 'D001'),
('ICT1222', 'TG/2022/1357', 'Present', '2024-10-22','P', 'D001'),
('ICT1222', 'TG/2022/1358', 'Present', '2024-10-22','P', 'D001'),
('ICT1222', 'TG/2022/1359', 'Present', '2024-10-22','P', 'D001'),



('TMS1233', 'TG/2022/1348', 'Present', '2024-10-23','T', 'D001'),
('TMS1233', 'TG/2022/1349', 'Present', '2024-10-23','T', 'D001'),
('TMS1233', 'TG/2022/1350', 'Present', '2024-10-23','T', 'D001'),
('TMS1233', 'TG/2022/1351', 'Present', '2024-10-23','T', 'D001'),
('TMS1233', 'TG/2022/1352', 'Present', '2024-10-23','T', 'D001'),
('TMS1233', 'TG/2022/1353', 'Present', '2024-10-23','T', 'D001'),
('TMS1233', 'TG/2022/1354', 'Present', '2024-10-23','T', 'D001'),
('TMS1233', 'TG/2022/1355', 'Present', '2024-10-23','T', 'D001'),
('TMS1233', 'TG/2022/1356', 'Present', '2024-10-23','T', 'D001'),
('TMS1233', 'TG/2022/1357', 'Present', '2024-10-23','T', 'D001'),
('TMS1233', 'TG/2022/1358', 'Present', '2024-10-23','T', 'D001'),
('TMS1233', 'TG/2022/1359', 'Present', '2024-10-23','T', 'D001'),



('ICT1242', 'TG/2022/1348', 'Present', '2024-10-24','T', 'D001'),
('ICT1242', 'TG/2022/1349', 'Present', '2024-10-24','T', 'D001'),
('ICT1242', 'TG/2022/1350', 'Present', '2024-10-24','T', 'D001'),
('ICT1242', 'TG/2022/1351', 'Present', '2024-10-24','T', 'D001'),
('ICT1242', 'TG/2022/1352', 'Present', '2024-10-24','T', 'D001'),
('ICT1242', 'TG/2022/1353', 'Present', '2024-10-24','T', 'D001'),
('ICT1242', 'TG/2022/1354', 'Absent', '2024-10-24','T', 'D001'),
('ICT1242', 'TG/2022/1355', 'Present', '2024-10-24','T', 'D001'),
('ICT1242', 'TG/2022/1356', 'Present', '2024-10-24','T', 'D001'),
('ICT1242', 'TG/2022/1357', 'Present', '2024-10-24', 'T','D001'),
('ICT1242', 'TG/2022/1358', 'Present', '2024-10-24','T', 'D001'),
('ICT1242', 'TG/2022/1359', 'Present', '2024-10-24', 'T','D001'),



('ICT1253', 'TG/2022/1348', 'Present', '2024-10-24','T', 'D001'),
('ICT1253', 'TG/2022/1349', 'Present', '2024-10-24','T', 'D001'),
('ICT1253', 'TG/2022/1350', 'Present', '2024-10-24','T', 'D001'),
('ICT1253', 'TG/2022/1351', 'Present', '2024-10-24','T', 'D001'),
('ICT1253', 'TG/2022/1352', 'Present', '2024-10-24','T', 'D001'),
('ICT1253', 'TG/2022/1353', 'Present', '2024-10-24','T', 'D001'),
('ICT1253', 'TG/2022/1354', 'Present', '2024-10-24','T', 'D001'),
('ICT1253', 'TG/2022/1355', 'Present', '2024-10-24','T', 'D001'),
('ICT1253', 'TG/2022/1356', 'Present', '2024-10-24','T', 'D001'),
('ICT1253', 'TG/2022/1357', 'Present', '2024-10-24', 'T','D001'),
('ICT1253', 'TG/2022/1358', 'Present', '2024-10-24','T', 'D001'),
('ICT1253', 'TG/2022/1359', 'Present', '2024-10-24', 'T','D001'),


('ICT1253', 'TG/2022/1348', 'Present', '2024-10-24','P', 'D001'),
('ICT1253', 'TG/2022/1349', 'Present', '2024-10-24','P', 'D001'),
('ICT1253', 'TG/2022/1350', 'Present', '2024-10-24','P', 'D001'),
('ICT1253', 'TG/2022/1351', 'Present', '2024-10-24','P', 'D001'),
('ICT1253', 'TG/2022/1352', 'Present', '2024-10-24','P', 'D001'),
('ICT1253', 'TG/2022/1353', 'Present', '2024-10-24','P', 'D001'),
('ICT1253', 'TG/2022/1354', 'Present', '2024-10-24','P', 'D001'),
('ICT1253', 'TG/2022/1355', 'Present', '2024-10-24','P', 'D001'),
('ICT1253', 'TG/2022/1356', 'Present', '2024-10-24','P', 'D001'),
('ICT1253', 'TG/2022/1357', 'Present', '2024-10-24','P', 'D001'),
('ICT1253', 'TG/2022/1358', 'Present', '2024-10-24','P', 'D001'),
('ICT1253', 'TG/2022/1359', 'Present', '2024-10-24','P', 'D001'),



('ENG1222', 'TG/2022/1348', 'Present', '2024-10-25','T', 'D001'),
('ENG1222', 'TG/2022/1349', 'Present', '2024-10-25','T', 'D001'),
('ENG1222', 'TG/2022/1350', 'Present', '2024-10-25','T', 'D001'),
('ENG1222', 'TG/2022/1351', 'Present', '2024-10-25','T', 'D001'),
('ENG1222', 'TG/2022/1352', 'Present', '2024-10-25','T', 'D001'),
('ENG1222', 'TG/2022/1353', 'Present', '2024-10-25','T', 'D001'),
('ENG1222', 'TG/2022/1354', 'Present', '2024-10-25','T', 'D001'),
('ENG1222', 'TG/2022/1355', 'Present', '2024-10-25','T', 'D001'),
('ENG1222', 'TG/2022/1356', 'Present', '2024-10-25', 'T','D001'),
('ENG1222', 'TG/2022/1357', 'Present', '2024-10-25','T', 'D001'),
('ENG1222', 'TG/2022/1358', 'Present', '2024-10-25', 'T','D001'),
('ENG1222', 'TG/2022/1359', 'Present', '2024-10-25','T', 'D001'),



('TCS1212', 'TG/2022/1348', 'Present', '2024-10-25', 'T', 'D001'),
('TCS1212', 'TG/2022/1349', 'Absent', '2024-10-25', 'T', 'D001'),
('TCS1212', 'TG/2022/1350', 'Present', '2024-10-25', 'T', 'D001'),
('TCS1212', 'TG/2022/1351', 'Present', '2024-10-25', 'T', 'D001'),
('TCS1212', 'TG/2022/1352', 'Present', '2024-10-25', 'T', 'D001'),
('TCS1212', 'TG/2022/1353', 'Present', '2024-10-25', 'T', 'D001'),
('TCS1212', 'TG/2022/1354', 'Present', '2024-10-25', 'T', 'D001'),
('TCS1212', 'TG/2022/1355', 'Present', '2024-10-25', 'T', 'D001'),
('TCS1212', 'TG/2022/1356', 'Present', '2024-10-25', 'T', 'D001'),
('TCS1212', 'TG/2022/1357', 'Present', '2024-10-25', 'T', 'D001'),
('TCS1212', 'TG/2022/1358', 'Present', '2024-10-25', 'T', 'D001'),
('TCS1212', 'TG/2022/1359', 'Present', '2024-10-25', 'T', 'D001'),


('ICT1233', 'TG/2022/1348', 'Present', '2024-10-28','T', 'D001'),
('ICT1233', 'TG/2022/1349', 'Present', '2024-10-28', 'T','D001'),
('ICT1233', 'TG/2022/1350', 'Present', '2024-10-28', 'T','D001'),
('ICT1233', 'TG/2022/1351', 'Present', '2024-10-28','T', 'D001'),
('ICT1233', 'TG/2022/1352', 'Present', '2024-10-28','T', 'D001'),
('ICT1233', 'TG/2022/1353', 'Present', '2024-10-28','T', 'D001'),
('ICT1233', 'TG/2022/1354', 'Present', '2024-10-28','T', 'D001'),
('ICT1233', 'TG/2022/1355', 'Present', '2024-10-28','T', 'D001'),
('ICT1233', 'TG/2022/1356', 'Present', '2024-10-28','T', 'D001'),
('ICT1233', 'TG/2022/1357', 'Present', '2024-10-28','T', 'D001'),
('ICT1233', 'TG/2022/1358', 'Present', '2024-10-28','T', 'D001'),
('ICT1233', 'TG/2022/1359', 'Present', '2024-10-28','T', 'D001'),


('ICT1233', 'TG/2022/1348', 'Present', '2024-10-28', 'P','D001'),
('ICT1233', 'TG/2022/1349', 'Present', '2024-10-28','P', 'D001'),
('ICT1233', 'TG/2022/1350', 'Present', '2024-10-28','P', 'D001'),
('ICT1233', 'TG/2022/1351', 'Present', '2024-10-28','P', 'D001'),
('ICT1233', 'TG/2022/1352', 'Present', '2024-10-28','P', 'D001'),
('ICT1233', 'TG/2022/1353', 'Present', '2024-10-28','P', 'D001'),
('ICT1233', 'TG/2022/1354', 'Present', '2024-10-28','P', 'D001'),
('ICT1233', 'TG/2022/1355', 'Present', '2024-10-28','P', 'D001'),
('ICT1233', 'TG/2022/1356', 'Present', '2024-10-28','P', 'D001'),
('ICT1233', 'TG/2022/1357', 'Present', '2024-10-28','P', 'D001'),
('ICT1233', 'TG/2022/1358', 'Present', '2024-10-28','P', 'D001'),
('ICT1233', 'TG/2022/1359', 'Present', '2024-10-28','P', 'D001'),


('ICT1212', 'TG/2022/1348', 'Present', '2024-10-29','T', 'D001'),
('ICT1212', 'TG/2022/1349', 'Present', '2024-10-29','T', 'D001'),
('ICT1212', 'TG/2022/1350', 'Present', '2024-10-29','T', 'D001'),
('ICT1212', 'TG/2022/1351', 'Present', '2024-10-29','T', 'D001'),
('ICT1212', 'TG/2022/1352', 'Absent', '2024-10-29','T',  'D001'),
('ICT1212', 'TG/2022/1353', 'Present', '2024-10-29','T', 'D001'),
('ICT1212', 'TG/2022/1354', 'Present', '2024-10-29','T', 'D001'),
('ICT1212', 'TG/2022/1355', 'Present', '2024-10-29','T', 'D001'),
('ICT1212', 'TG/2022/1356', 'Present', '2024-10-29','T', 'D001'),
('ICT1212', 'TG/2022/1357', 'Present', '2024-10-29','T', 'D001'),
('ICT1212', 'TG/2022/1358', 'Present', '2024-10-29','T', 'D001'),
('ICT1212', 'TG/2022/1359', 'Present', '2024-10-29','T', 'D001'),


('ICT1222', 'TG/2022/1348', 'Present', '2024-10-29','P', 'D001'),
('ICT1222', 'TG/2022/1349', 'Present', '2024-10-29','P', 'D001'),
('ICT1222', 'TG/2022/1350', 'Present', '2024-10-29','P', 'D001'),
('ICT1222', 'TG/2022/1351', 'Present', '2024-10-29','P', 'D001'),
('ICT1222', 'TG/2022/1352', 'Present', '2024-10-29','P', 'D001'),
('ICT1222', 'TG/2022/1353', 'Present', '2024-10-29','P', 'D001'),
('ICT1222', 'TG/2022/1354', 'Present', '2024-10-29','P', 'D001'),
('ICT1222', 'TG/2022/1355', 'Present', '2024-10-29','P', 'D001'),
('ICT1222', 'TG/2022/1356', 'Present', '2024-10-29','P', 'D001'),
('ICT1222', 'TG/2022/1357', 'Present', '2024-10-29','P', 'D001'),
('ICT1222', 'TG/2022/1358', 'Present', '2024-10-29','P', 'D001'),
('ICT1222', 'TG/2022/1359', 'Present', '2024-10-29','P', 'D001'),


('TMS1233', 'TG/2022/1348', 'Present', '2024-10-30','T', 'D001'),
('TMS1233', 'TG/2022/1349', 'Present', '2024-10-30','T', 'D001'),
('TMS1233', 'TG/2022/1350', 'Present', '2024-10-30','T', 'D001'),
('TMS1233', 'TG/2022/1351', 'Present', '2024-10-30','T', 'D001'),
('TMS1233', 'TG/2022/1352', 'Present', '2024-10-30','T', 'D001'),
('TMS1233', 'TG/2022/1353', 'Present', '2024-10-30','T', 'D001'),
('TMS1233', 'TG/2022/1354', 'Present', '2024-10-30','T', 'D001'),
('TMS1233', 'TG/2022/1355', 'Present', '2024-10-30','T', 'D001'),
('TMS1233', 'TG/2022/1356', 'Present', '2024-10-30','T', 'D001'),
('TMS1233', 'TG/2022/1357', 'Present', '2024-10-30','T', 'D001'),
('TMS1233', 'TG/2022/1358', 'Present', '2024-10-30','T', 'D001'),
('TMS1233', 'TG/2022/1359', 'Present', '2024-10-30','T', 'D001'),


('ICT1242', 'TG/2022/1348', 'Present', '2024-10-31','T', 'D001'),
('ICT1242', 'TG/2022/1349', 'Present', '2024-10-31','T', 'D001'),
('ICT1242', 'TG/2022/1350', 'Present', '2024-10-31','T', 'D001'),
('ICT1242', 'TG/2022/1351', 'Present', '2024-10-31','T', 'D001'),
('ICT1242', 'TG/2022/1352', 'Present', '2024-10-31','T', 'D001'),
('ICT1242', 'TG/2022/1353', 'Present', '2024-10-31','T', 'D001'),
('ICT1242', 'TG/2022/1354', 'Present', '2024-10-31','T', 'D001'),
('ICT1242', 'TG/2022/1355', 'Present', '2024-10-31','T', 'D001'),
('ICT1242', 'TG/2022/1356', 'Present', '2024-10-31','T', 'D001'),
('ICT1242', 'TG/2022/1357', 'Present', '2024-10-31', 'T','D001'),
('ICT1242', 'TG/2022/1358', 'Present', '2024-10-31','T', 'D001'),
('ICT1242', 'TG/2022/1359', 'Present', '2024-10-31', 'T','D001'),


('ICT1253', 'TG/2022/1348', 'Present', '2024-10-31','T', 'D001'),
('ICT1253', 'TG/2022/1349', 'Present', '2024-10-31','T', 'D001'),
('ICT1253', 'TG/2022/1350', 'Present', '2024-10-31','T', 'D001'),
('ICT1253', 'TG/2022/1351', 'Present', '2024-10-31','T', 'D001'),
('ICT1253', 'TG/2022/1352', 'Present', '2024-10-31','T', 'D001'),
('ICT1253', 'TG/2022/1353', 'Present', '2024-10-31','T', 'D001'),
('ICT1253', 'TG/2022/1354', 'Present', '2024-10-31','T', 'D001'),
('ICT1253', 'TG/2022/1355', 'Absent', '2024-10-31','T', 'D001'),
('ICT1253', 'TG/2022/1356', 'Present', '2024-10-31','T', 'D001'),
('ICT1253', 'TG/2022/1357', 'Present', '2024-10-31', 'T','D001'),
('ICT1253', 'TG/2022/1358', 'Present', '2024-10-31','T', 'D001'),
('ICT1253', 'TG/2022/1359', 'Present', '2024-10-31', 'T','D001'),


('ICT1253', 'TG/2022/1348', 'Present', '2024-10-31','P', 'D001'),
('ICT1253', 'TG/2022/1349', 'Present', '2024-10-31','P', 'D001'),
('ICT1253', 'TG/2022/1350', 'Present', '2024-10-31','P', 'D001'),
('ICT1253', 'TG/2022/1351', 'Present', '2024-10-31','P', 'D001'),
('ICT1253', 'TG/2022/1352', 'Present', '2024-10-31','P', 'D001'),
('ICT1253', 'TG/2022/1353', 'Present', '2024-10-31','P', 'D001'),
('ICT1253', 'TG/2022/1354', 'Present', '2024-10-31','P', 'D001'),
('ICT1253', 'TG/2022/1355', 'Present', '2024-10-31','P', 'D001'),
('ICT1253', 'TG/2022/1356', 'Present', '2024-10-31','P', 'D001'),
('ICT1253', 'TG/2022/1357', 'Present', '2024-10-31','P', 'D001'),
('ICT1253', 'TG/2022/1358', 'Present', '2024-10-31','P', 'D001'),
('ICT1253', 'TG/2022/1359', 'Present', '2024-10-31','P', 'D001'),


('ENG1222', 'TG/2022/1348', 'Present', '2024-11-01','T', 'D001'),
('ENG1222', 'TG/2022/1349', 'Present', '2024-11-01','T', 'D001'),
('ENG1222', 'TG/2022/1350', 'Present', '2024-11-01','T', 'D001'),
('ENG1222', 'TG/2022/1351', 'Present', '2024-11-01','T', 'D001'),
('ENG1222', 'TG/2022/1352', 'Present', '2024-11-01','T', 'D001'),
('ENG1222', 'TG/2022/1353', 'Present', '2024-11-01','T', 'D001'),
('ENG1222', 'TG/2022/1354', 'Present', '2024-11-01','T', 'D001'),
('ENG1222', 'TG/2022/1355', 'Present', '2024-11-01','T', 'D001'),
('ENG1222', 'TG/2022/1356', 'Present', '2024-11-01', 'T','D001'),
('ENG1222', 'TG/2022/1357', 'Present', '2024-11-01','T', 'D001'),
('ENG1222', 'TG/2022/1358', 'Present', '2024-11-01', 'T','D001'),
('ENG1222', 'TG/2022/1359', 'Present', '2024-11-01','T', 'D001'),


('TCS1212', 'TG/2022/1348', 'Present', '2024-11-01', 'T', 'D001'),
('TCS1212', 'TG/2022/1349', 'Present', '2024-11-01', 'T', 'D001'),
('TCS1212', 'TG/2022/1350', 'Present', '2024-11-01', 'T', 'D001'),
('TCS1212', 'TG/2022/1351', 'Present', '2024-11-01', 'T', 'D001'),
('TCS1212', 'TG/2022/1352', 'Present', '2024-11-01', 'T', 'D001'),
('TCS1212', 'TG/2022/1353', 'Present', '2024-11-01', 'T', 'D001'),
('TCS1212', 'TG/2022/1354', 'Present', '2024-11-01', 'T', 'D001'),
('TCS1212', 'TG/2022/1355', 'Present', '2024-11-01', 'T', 'D001'),
('TCS1212', 'TG/2022/1356', 'Present', '2024-11-01', 'T', 'D001'),
('TCS1212', 'TG/2022/1357', 'Present', '2024-11-01', 'T', 'D001'),
('TCS1212', 'TG/2022/1358', 'Present', '2024-11-01', 'T', 'D001'),
('TCS1212', 'TG/2022/1359', 'Present', '2024-11-01', 'T', 'D001'),


('ICT1233', 'TG/2022/1348', 'Present', '2024-11-04','T', 'D001'),
('ICT1233', 'TG/2022/1349', 'Present', '2024-11-04', 'T','D001'),
('ICT1233', 'TG/2022/1350', 'Present', '2024-11-04', 'T','D001'),
('ICT1233', 'TG/2022/1351', 'Present', '2024-11-04','T', 'D001'),
('ICT1233', 'TG/2022/1352', 'Present', '2024-11-04','T', 'D001'),
('ICT1233', 'TG/2022/1353', 'Present', '2024-11-04','T', 'D001'),
('ICT1233', 'TG/2022/1354', 'Present', '2024-11-04','T', 'D001'),
('ICT1233', 'TG/2022/1355', 'Present', '2024-11-04','T', 'D001'),
('ICT1233', 'TG/2022/1356', 'Present', '2024-11-04','T', 'D001'),
('ICT1233', 'TG/2022/1357', 'Present', '2024-11-04','T', 'D001'),
('ICT1233', 'TG/2022/1358', 'Present', '2024-11-04','T', 'D001'),
('ICT1233', 'TG/2022/1359', 'Present', '2024-11-04','T', 'D001'),


('ICT1233', 'TG/2022/1348', 'Present', '2024-11-04', 'P','D001'),
('ICT1233', 'TG/2022/1349', 'Present', '2024-11-04','P', 'D001'),
('ICT1233', 'TG/2022/1350', 'Present', '2024-11-04','P', 'D001'),
('ICT1233', 'TG/2022/1351', 'Present', '2024-11-04','P', 'D001'),
('ICT1233', 'TG/2022/1352', 'Present', '2024-11-04','P', 'D001'),
('ICT1233', 'TG/2022/1353', 'Present', '2024-11-04','P', 'D001'),
('ICT1233', 'TG/2022/1354', 'Present', '2024-11-04','P', 'D001'),
('ICT1233', 'TG/2022/1355', 'Present', '2024-11-04','P', 'D001'),
('ICT1233', 'TG/2022/1356', 'Present', '2024-11-04','P', 'D001'),
('ICT1233', 'TG/2022/1357', 'Present', '2024-11-04','P', 'D001'),
('ICT1233', 'TG/2022/1358', 'Present', '2024-11-04','P', 'D001'),
('ICT1233', 'TG/2022/1359', 'Present', '2024-11-04','P', 'D001'),


('ICT1212', 'TG/2022/1348', 'Present', '2024-11-05','T', 'D001'),
('ICT1212', 'TG/2022/1349', 'Present', '2024-11-05','T', 'D001'),
('ICT1212', 'TG/2022/1350', 'Present', '2024-11-05','T', 'D001'),
('ICT1212', 'TG/2022/1351', 'Present', '2024-11-05','T', 'D001'),
('ICT1212', 'TG/2022/1352', 'Present', '2024-11-05','T', 'D001'),
('ICT1212', 'TG/2022/1353', 'Present', '2024-11-05','T', 'D001'),
('ICT1212', 'TG/2022/1354', 'Present', '2024-11-05','T', 'D001'),
('ICT1212', 'TG/2022/1355', 'Present', '2024-11-05','T', 'D001'),
('ICT1212', 'TG/2022/1356', 'Present', '2024-11-05','T', 'D001'),
('ICT1212', 'TG/2022/1357', 'Present', '2024-11-05','T', 'D001'),
('ICT1212', 'TG/2022/1358', 'Present', '2024-11-05','T', 'D001'),
('ICT1212', 'TG/2022/1359', 'Present', '2024-11-05','T', 'D001'),


('ICT1222', 'TG/2022/1348', 'Present', '2024-11-05','P', 'D001'),
('ICT1222', 'TG/2022/1349', 'Present', '2024-11-05','P', 'D001'),
('ICT1222', 'TG/2022/1350', 'Present', '2024-11-05','P', 'D001'),
('ICT1222', 'TG/2022/1351', 'Present', '2024-11-05','P', 'D001'),
('ICT1222', 'TG/2022/1352', 'Present', '2024-11-05','P', 'D001'),
('ICT1222', 'TG/2022/1353', 'Present', '2024-11-05','P', 'D001'),
('ICT1222', 'TG/2022/1354', 'Present', '2024-11-05','P', 'D001'),
('ICT1222', 'TG/2022/1355', 'Present', '2024-11-05','P', 'D001'),
('ICT1222', 'TG/2022/1356', 'Present', '2024-11-05','P', 'D001'),
('ICT1222', 'TG/2022/1357', 'Present', '2024-11-05','P', 'D001'),
('ICT1222', 'TG/2022/1358', 'Present', '2024-11-05','P', 'D001'),
('ICT1222', 'TG/2022/1359', 'Present', '2024-11-05','P', 'D001'),


('TMS1233', 'TG/2022/1348', 'Present', '2024-11-06','T', 'D001'),
('TMS1233', 'TG/2022/1349', 'Present', '2024-11-06','T', 'D001'),
('TMS1233', 'TG/2022/1350', 'Absent', '2024-11-06','T', 'D001'),
('TMS1233', 'TG/2022/1351', 'Present', '2024-11-06','T', 'D001'),
('TMS1233', 'TG/2022/1352', 'Present', '2024-11-06','T', 'D001'),
('TMS1233', 'TG/2022/1353', 'Present', '2024-11-06','T', 'D001'),
('TMS1233', 'TG/2022/1354', 'Present', '2024-11-06','T', 'D001'),
('TMS1233', 'TG/2022/1355', 'Present', '2024-11-06','T', 'D001'),
('TMS1233', 'TG/2022/1356', 'Present', '2024-11-06','T', 'D001'),
('TMS1233', 'TG/2022/1357', 'Absent', '2024-11-06','T', 'D001'),
('TMS1233', 'TG/2022/1358', 'Present', '2024-11-06','T', 'D001'),
('TMS1233', 'TG/2022/1359', 'Present', '2024-11-06','T', 'D001'),


('ICT1242', 'TG/2022/1348', 'Present', '2024-11-07','T', 'D001'),
('ICT1242', 'TG/2022/1349', 'Present', '2024-11-07','T', 'D001'),
('ICT1242', 'TG/2022/1350', 'Present', '2024-11-07','T', 'D001'),
('ICT1242', 'TG/2022/1351', 'Present', '2024-11-07','T', 'D001'),
('ICT1242', 'TG/2022/1352', 'Present', '2024-11-07','T', 'D001'),
('ICT1242', 'TG/2022/1353', 'Present', '2024-11-07','T', 'D001'),
('ICT1242', 'TG/2022/1354', 'Present', '2024-11-07','T', 'D001'),
('ICT1242', 'TG/2022/1355', 'Present', '2024-11-07','T', 'D001'),
('ICT1242', 'TG/2022/1356', 'Present', '2024-11-07','T', 'D001'),
('ICT1242', 'TG/2022/1357', 'Present', '2024-11-07', 'T','D001'),
('ICT1242', 'TG/2022/1358', 'Present', '2024-11-07','T', 'D001'),
('ICT1242', 'TG/2022/1359', 'Present', '2024-11-07', 'T','D001'),



('ICT1253', 'TG/2022/1348', 'Present', '2024-11-07','T', 'D001'),
('ICT1253', 'TG/2022/1349', 'Present', '2024-11-07','T', 'D001'),
('ICT1253', 'TG/2022/1350', 'Present', '2024-11-07','T', 'D001'),
('ICT1253', 'TG/2022/1351', 'Present', '2024-11-07','T', 'D001'),
('ICT1253', 'TG/2022/1352', 'Present', '2024-11-07','T', 'D001'),
('ICT1253', 'TG/2022/1353', 'Present', '2024-11-07','T', 'D001'),
('ICT1253', 'TG/2022/1354', 'Present', '2024-11-07','T', 'D001'),
('ICT1253', 'TG/2022/1355', 'Present', '2024-11-07','T', 'D001'),
('ICT1253', 'TG/2022/1356', 'Present', '2024-11-07','T', 'D001'),
('ICT1253', 'TG/2022/1357', 'Present', '2024-11-07', 'T','D001'),
('ICT1253', 'TG/2022/1358', 'Present', '2024-11-07','T', 'D001'),
('ICT1253', 'TG/2022/1359', 'Present', '2024-11-07', 'T','D001'),



('ICT1253', 'TG/2022/1348', 'Present', '2024-11-07','P', 'D001'),
('ICT1253', 'TG/2022/1349', 'Present', '2024-11-07','P', 'D001'),
('ICT1253', 'TG/2022/1350', 'Present', '2024-11-07','P', 'D001'),
('ICT1253', 'TG/2022/1351', 'Present', '2024-11-07','P', 'D001'),
('ICT1253', 'TG/2022/1352', 'Present', '2024-11-07','P', 'D001'),
('ICT1253', 'TG/2022/1353', 'Present', '2024-11-07','P', 'D001'),
('ICT1253', 'TG/2022/1354', 'Present', '2024-11-07','P', 'D001'),
('ICT1253', 'TG/2022/1355', 'Present', '2024-11-07','P', 'D001'),
('ICT1253', 'TG/2022/1356', 'Present', '2024-11-07','P', 'D001'),
('ICT1253', 'TG/2022/1357', 'Present', '2024-11-07','P', 'D001'),
('ICT1253', 'TG/2022/1358', 'Present', '2024-11-07','P', 'D001'),
('ICT1253', 'TG/2022/1359', 'Present', '2024-11-07','P', 'D001'),



('ENG1222', 'TG/2022/1348', 'Present', '2024-11-08','T', 'D001'),
('ENG1222', 'TG/2022/1349', 'Present', '2024-11-08','T', 'D001'),
('ENG1222', 'TG/2022/1350', 'Present', '2024-11-08','T', 'D001'),
('ENG1222', 'TG/2022/1351', 'Present', '2024-11-08','T', 'D001'),
('ENG1222', 'TG/2022/1352', 'Present', '2024-11-08','T', 'D001'),
('ENG1222', 'TG/2022/1353', 'Present', '2024-11-08','T', 'D001'),
('ENG1222', 'TG/2022/1354', 'Present', '2024-11-08','T', 'D001'),
('ENG1222', 'TG/2022/1355', 'Present', '2024-11-08','T', 'D001'),
('ENG1222', 'TG/2022/1356', 'Present', '2024-11-08', 'T','D001'),
('ENG1222', 'TG/2022/1357', 'Present', '2024-11-08','T', 'D001'),
('ENG1222', 'TG/2022/1358', 'Present', '2024-11-08', 'T','D001'),
('ENG1222', 'TG/2022/1359', 'Present', '2024-11-08','T', 'D001'),


('TCS1212', 'TG/2022/1348', 'Present', '2024-11-08','T', 'D001'),
('TCS1212', 'TG/2022/1349', 'Present', '2024-11-08','T', 'D001'),
('TCS1212', 'TG/2022/1350', 'Present', '2024-11-08','T', 'D001'),
('TCS1212', 'TG/2022/1351', 'Present', '2024-11-08', 'T','D001'),
('TCS1212', 'TG/2022/1352', 'Present', '2024-11-08','T', 'D001'),
('TCS1212', 'TG/2022/1353', 'Present', '2024-11-08','T', 'D001'),
('TCS1212', 'TG/2022/1354', 'Present', '2024-11-08','T', 'D001'),
('TCS1212', 'TG/2022/1355', 'Present', '2024-11-08','T', 'D001'),
('TCS1212', 'TG/2022/1356', 'Present', '2024-11-08','T', 'D001'),
('TCS1212', 'TG/2022/1357', 'Present', '2024-11-08', 'T','D001'),
('TCS1212', 'TG/2022/1358', 'Present', '2024-11-08','T', 'D001'),
('TCS1212', 'TG/2022/1359', 'Present', '2024-11-08', 'T','D001'),



('ICT1233', 'TG/2022/1348', 'Present', '2024-11-11','T', 'D001'),
('ICT1233', 'TG/2022/1349', 'Present', '2024-11-11', 'T','D001'),
('ICT1233', 'TG/2022/1350', 'Present', '2024-11-11', 'T','D001'),
('ICT1233', 'TG/2022/1351', 'Present', '2024-11-11','T', 'D001'),
('ICT1233', 'TG/2022/1352', 'Present', '2024-11-11','T', 'D001'),
('ICT1233', 'TG/2022/1353', 'Present', '2024-11-11','T', 'D001'),
('ICT1233', 'TG/2022/1354', 'Present', '2024-11-11','T', 'D001'),
('ICT1233', 'TG/2022/1355', 'Present', '2024-11-11','T', 'D001'),
('ICT1233', 'TG/2022/1356', 'Present', '2024-11-11','T', 'D001'),
('ICT1233', 'TG/2022/1357', 'Present', '2024-11-11','T', 'D001'),
('ICT1233', 'TG/2022/1358', 'Present', '2024-11-11','T', 'D001'),
('ICT1233', 'TG/2022/1359', 'Present', '2024-11-11','T', 'D001'),



('ICT1233', 'TG/2022/1348', 'Present', '2024-11-11', 'P','D001'),
('ICT1233', 'TG/2022/1349', 'Present', '2024-11-11','P', 'D001'),
('ICT1233', 'TG/2022/1350', 'Present', '2024-11-11','P', 'D001'),
('ICT1233', 'TG/2022/1351', 'Present', '2024-11-11','P', 'D001'),
('ICT1233', 'TG/2022/1352', 'Present', '2024-11-11','P', 'D001'),
('ICT1233', 'TG/2022/1353', 'Present', '2024-11-11','P', 'D001'),
('ICT1233', 'TG/2022/1354', 'Present', '2024-11-11','P', 'D001'),
('ICT1233', 'TG/2022/1355', 'Present', '2024-11-11','P', 'D001'),
('ICT1233', 'TG/2022/1356', 'Present', '2024-11-11','P', 'D001'),
('ICT1233', 'TG/2022/1357', 'Present', '2024-11-11','P', 'D001'),
('ICT1233', 'TG/2022/1358', 'Present', '2024-11-11','P', 'D001'),
('ICT1233', 'TG/2022/1359', 'Present', '2024-11-11','P', 'D001'),


('ICT1212', 'TG/2022/1348', 'Present', '2024-11-12','T', 'D001'),
('ICT1212', 'TG/2022/1349', 'Present', '2024-11-12','T', 'D001'),
('ICT1212', 'TG/2022/1350', 'Present', '2024-11-12','T', 'D001'),
('ICT1212', 'TG/2022/1351', 'Present', '2024-11-12','T', 'D001'),
('ICT1212', 'TG/2022/1352', 'Present', '2024-11-12','T', 'D001'),
('ICT1212', 'TG/2022/1353', 'Present', '2024-11-12','T', 'D001'),
('ICT1212', 'TG/2022/1354', 'Present', '2024-11-12','T', 'D001'),
('ICT1212', 'TG/2022/1355', 'Present', '2024-11-12','T', 'D001'),
('ICT1212', 'TG/2022/1356', 'Present', '2024-11-12','T', 'D001'),
('ICT1212', 'TG/2022/1357', 'Present', '2024-11-12','T', 'D001'),
('ICT1212', 'TG/2022/1358', 'Present', '2024-11-12','T', 'D001'),
('ICT1212', 'TG/2022/1359', 'Present', '2024-11-12','T', 'D001'),



('ICT1222', 'TG/2022/1348', 'Present', '2024-11-12','P', 'D001'),
('ICT1222', 'TG/2022/1349', 'Present', '2024-11-12','P', 'D001'),
('ICT1222', 'TG/2022/1350', 'Present', '2024-11-12','P', 'D001'),
('ICT1222', 'TG/2022/1351', 'Present', '2024-11-12','P', 'D001'),
('ICT1222', 'TG/2022/1352', 'Present', '2024-11-12','P', 'D001'),
('ICT1222', 'TG/2022/1353', 'Present', '2024-11-12','P', 'D001'),
('ICT1222', 'TG/2022/1354', 'Present', '2024-11-12','P', 'D001'),
('ICT1222', 'TG/2022/1355', 'Present', '2024-11-12','P', 'D001'),
('ICT1222', 'TG/2022/1356', 'Present', '2024-11-12','P', 'D001'),
('ICT1222', 'TG/2022/1357', 'Present', '2024-11-12','P', 'D001'),
('ICT1222', 'TG/2022/1358', 'Present', '2024-11-12','P', 'D001'),
('ICT1222', 'TG/2022/1359', 'Present', '2024-11-12','P', 'D001'),



('TMS1233', 'TG/2022/1348', 'Present', '2024-11-13','T', 'D001'),
('TMS1233', 'TG/2022/1349', 'Present', '2024-11-13','T', 'D001'),
('TMS1233', 'TG/2022/1350', 'Present', '2024-11-13','T', 'D001'),
('TMS1233', 'TG/2022/1351', 'Present', '2024-11-13','T', 'D001'),
('TMS1233', 'TG/2022/1352', 'Present', '2024-11-13','T', 'D001'),
('TMS1233', 'TG/2022/1353', 'Present', '2024-11-13','T', 'D001'),
('TMS1233', 'TG/2022/1354', 'Present', '2024-11-13','T', 'D001'),
('TMS1233', 'TG/2022/1355', 'Present', '2024-11-13','T', 'D001'),
('TMS1233', 'TG/2022/1356', 'Present', '2024-11-13','T', 'D001'),
('TMS1233', 'TG/2022/1357', 'Absent', '2024-11-13','T', 'D001'),
('TMS1233', 'TG/2022/1358', 'Present', '2024-11-13','T', 'D001'),
('TMS1233', 'TG/2022/1359', 'Present', '2024-11-13','T', 'D001'),



('ICT1242', 'TG/2022/1348', 'Present', '2024-11-14','T', 'D001'),
('ICT1242', 'TG/2022/1349', 'Present', '2024-11-14','T', 'D001'),
('ICT1242', 'TG/2022/1350', 'Present', '2024-11-14','T', 'D001'),
('ICT1242', 'TG/2022/1351', 'Present', '2024-11-14','T', 'D001'),
('ICT1242', 'TG/2022/1352', 'Present', '2024-11-14','T', 'D001'),
('ICT1242', 'TG/2022/1353', 'Present', '2024-11-14','T', 'D001'),
('ICT1242', 'TG/2022/1354', 'Present', '2024-11-14','T', 'D001'),
('ICT1242', 'TG/2022/1355', 'Present', '2024-11-14','T', 'D001'),
('ICT1242', 'TG/2022/1356', 'Present', '2024-11-14','T', 'D001'),
('ICT1242', 'TG/2022/1357', 'Present', '2024-11-14', 'T','D001'),
('ICT1242', 'TG/2022/1358', 'Present', '2024-11-14','T', 'D001'),
('ICT1242', 'TG/2022/1359', 'Present', '2024-11-14', 'T','D001'),


('ICT1253', 'TG/2022/1348', 'Present', '2024-11-14','T', 'D001'),
('ICT1253', 'TG/2022/1349', 'Present', '2024-11-14','T', 'D001'),
('ICT1253', 'TG/2022/1350', 'Present', '2024-11-14','T', 'D001'),
('ICT1253', 'TG/2022/1351', 'Present', '2024-11-14','T', 'D001'),
('ICT1253', 'TG/2022/1352', 'Present', '2024-11-14','T', 'D001'),
('ICT1253', 'TG/2022/1353', 'Present', '2024-11-14','T', 'D001'),
('ICT1253', 'TG/2022/1354', 'Present', '2024-11-14','T', 'D001'),
('ICT1253', 'TG/2022/1355', 'Absent', '2024-11-14','T', 'D001'),
('ICT1253', 'TG/2022/1356', 'Present', '2024-11-14','T', 'D001'),
('ICT1253', 'TG/2022/1357', 'Present', '2024-11-14', 'T','D001'),
('ICT1253', 'TG/2022/1358', 'Present', '2024-11-14','T', 'D001'),
('ICT1253', 'TG/2022/1359', 'Present', '2024-11-14', 'T','D001'),



('ICT1253', 'TG/2022/1348', 'Present', '2024-11-14','P', 'D001'),
('ICT1253', 'TG/2022/1349', 'Present', '2024-11-14','P', 'D001'),
('ICT1253', 'TG/2022/1350', 'Present', '2024-11-14','P', 'D001'),
('ICT1253', 'TG/2022/1351', 'Present', '2024-11-14','P', 'D001'),
('ICT1253', 'TG/2022/1352', 'Present', '2024-11-14','P', 'D001'),
('ICT1253', 'TG/2022/1353', 'Present', '2024-11-14','P', 'D001'),
('ICT1253', 'TG/2022/1354', 'Present', '2024-11-14','P', 'D001'),
('ICT1253', 'TG/2022/1355', 'Present', '2024-11-14','P', 'D001'),
('ICT1253', 'TG/2022/1356', 'Present', '2024-11-14','P', 'D001'),
('ICT1253', 'TG/2022/1357', 'Present', '2024-11-14','P', 'D001'),
('ICT1253', 'TG/2022/1358', 'Absent', '2024-11-14','P', 'D001'),
('ICT1253', 'TG/2022/1359', 'Present', '2024-11-14','P', 'D001'),

 
('ENG1222', 'TG/2022/1348', 'Present', '2024-11-15','T', 'D001'),
('ENG1222', 'TG/2022/1349', 'Present', '2024-11-15','T', 'D001'),
('ENG1222', 'TG/2022/1350', 'Present', '2024-11-15','T', 'D001'),
('ENG1222', 'TG/2022/1351', 'Present', '2024-11-15','T', 'D001'),
('ENG1222', 'TG/2022/1352', 'Present', '2024-11-15','T', 'D001'),
('ENG1222', 'TG/2022/1353', 'Present', '2024-11-15','T', 'D001'),
('ENG1222', 'TG/2022/1354', 'Present', '2024-11-15','T', 'D001'),
('ENG1222', 'TG/2022/1355', 'Present', '2024-11-15','T', 'D001'),
('ENG1222', 'TG/2022/1356', 'Present', '2024-11-15', 'T','D001'),
('ENG1222', 'TG/2022/1357', 'Present', '2024-11-15','T', 'D001'),
('ENG1222', 'TG/2022/1358', 'Present', '2024-11-15', 'T','D001'),
('ENG1222', 'TG/2022/1359', 'Present', '2024-11-15','T', 'D001'),


('TCS1212', 'TG/2022/1348', 'Present', '2024-11-15','T', 'D001'),
('TCS1212', 'TG/2022/1349', 'Present', '2024-11-15','T', 'D001'),
('TCS1212', 'TG/2022/1350', 'Present', '2024-11-15','T', 'D001'),
('TCS1212', 'TG/2022/1351', 'Present', '2024-11-15', 'T','D001'),
('TCS1212', 'TG/2022/1352', 'Present', '2024-11-15','T', 'D001'),
('TCS1212', 'TG/2022/1353', 'Present', '2024-11-15','T', 'D001'),
('TCS1212', 'TG/2022/1354', 'Present', '2024-11-15','T', 'D001'),
('TCS1212', 'TG/2022/1355', 'Present', '2024-11-15','T', 'D001'),
('TCS1212', 'TG/2022/1356', 'Present', '2024-11-15','T', 'D001'),
('TCS1212', 'TG/2022/1357', 'Present', '2024-11-15', 'T','D001'),
('TCS1212', 'TG/2022/1358', 'Present', '2024-11-15','T', 'D001'),
('TCS1212', 'TG/2022/1359', 'Present', '2024-11-15', 'T','D001');



--DEPARTMENT TABLE

INSERT INTO Department(Dep_ID, D_Name, DEAN_ID)
VALUES 
('D_ICT', 'ICT Department', 'D001'),
('D_ET', 'ET Department', 'D001'),
('D_MDS' , 'Multideciplinary Department','D001');




--LECTURER TABLE

INSERT INTO LECTURER(LEC_ID,Position,Dep_ID)
VALUES
('L001','Senior Lecturer','D_ICT'),
('L002','Lecturer','D_ICT'),
('L003','Lecturer','D_ET'),
('L004','Senior Lecturer','D_ICT'),
('L005','Professor','D_ICT'),
('L006','Lecturer','D_ICT'),
('L007','Lecturer','D_ET'),
('L008','Senior Lecturer','D_ET'),
('L009','Lecturer','D_MDS'),
('L010','Senior Lecturer','D_MDS'),
('L011','Professor','D_ET'),
('L012','Lecturer','D_ICT');




--COURSE_UNIT Table

INSERT INTO COURSE_UNIT
(Course_ID,C_Name,Credit,C_Type,Dep_ID)

VALUES
('ICT1212','Database Management Systems',2,'Theory','D_ICT'),
('ICT1222','Database Management Systems Practicum',2,'Practical','D_ICT'),
('ICT1233','Server-Side Web Development',3,'Theory/Practical','D_ICT'),
('ICT1242','Computer Architecture',2,'Theory','D_ICT'),
('ICT1253','Computer Networks',3,'Theory/Practical','D_ICT'),
('TCS1212','Fundamentals of Management',2,'Theory','D_MDS'),
('TMS1233','Discrete Mathematics',3,'Theory','D_ET'),
('ENG1222','English II',2,'Theory','D_MDS');




--ELIGIBILITY Table

INSERT INTO ELIGIBILITY 
(ELI_ID,E_Status)

VALUES
('EE','Eligible'),
('NE','Not Eligible');




--STUDENT_COURSE Table


INSERT INTO STUDENT_COURSE
(Stu_ID,COURSE_ID)

VALUES
('TG/2019/1018','ICT1242'),

('TG/2020/1064','ICT1222'),
('TG/2020/1064','ICT1233'),
('TG/2020/1064','ICT1253'),

('TG/2020/1095','ICT1253'),
('TG/2020/1095','ICT1242'),

('TG/2021/1125','ICT1222'),
('TG/2021/1125','TCS1212'),
('TG/2021/1125','ICT1242'),
('TG/2021/1125','TMS1233'),

('TG/2021/1152','ENG1222'),

('TG/2021/1174','TCS1212'),
('TG/2021/1174','ICT1242'),
('TG/2021/1174','ICT1233'),

('TG/2021/1232','TCS1212'),

('TG/2021/1246','TCS1212'),

('TG/2022/1346','ICT1212'),
('TG/2022/1346','ICT1222'),
('TG/2022/1346','ICT1233'),
('TG/2022/1346','ICT1242'),
('TG/2022/1346','ICT1253'),
('TG/2022/1346','TCS1212'),
('TG/2022/1346','TMS1233'),
('TG/2022/1346','ENG1222'),

('TG/2022/1347','ICT1212'),
('TG/2022/1347','ICT1222'),
('TG/2022/1347','ICT1233'),
('TG/2022/1347','ICT1242'),
('TG/2022/1347','ICT1253'),
('TG/2022/1347','TCS1212'),
('TG/2022/1347','TMS1233'),
('TG/2022/1347','ENG1222'),

('TG/2022/1348','ICT1212'),
('TG/2022/1348','ICT1222'),
('TG/2022/1348','ICT1233'),
('TG/2022/1348','ICT1242'),
('TG/2022/1348','ICT1253'),
('TG/2022/1348','TCS1212'),
('TG/2022/1348','TMS1233'),
('TG/2022/1348','ENG1222'),

('TG/2022/1349','ICT1212'),
('TG/2022/1349','ICT1222'),
('TG/2022/1349','ICT1233'),
('TG/2022/1349','ICT1242'),
('TG/2022/1349','ICT1253'),
('TG/2022/1349','TCS1212'),
('TG/2022/1349','TMS1233'),
('TG/2022/1349','ENG1222'),

('TG/2022/1350','ICT1212'),
('TG/2022/1350','ICT1222'),
('TG/2022/1350','ICT1233'),
('TG/2022/1350','ICT1242'),
('TG/2022/1350','ICT1253'),
('TG/2022/1350','TCS1212'),
('TG/2022/1350','TMS1233'),
('TG/2022/1350','ENG1222'),

('TG/2022/1351','ICT1212'),
('TG/2022/1351','ICT1222'),
('TG/2022/1351','ICT1233'),
('TG/2022/1351','ICT1242'),
('TG/2022/1351','ICT1253'),
('TG/2022/1351','TCS1212'),
('TG/2022/1351','TMS1233'),
('TG/2022/1351','ENG1222'),

('TG/2022/1352','ICT1212'),
('TG/2022/1352','ICT1222'),
('TG/2022/1352','ICT1233'),
('TG/2022/1352','ICT1242'),
('TG/2022/1352','ICT1253'),
('TG/2022/1352','TCS1212'),
('TG/2022/1352','TMS1233'),
('TG/2022/1352','ENG1222'),

('TG/2022/1353','ICT1212'),
('TG/2022/1353','ICT1222'),
('TG/2022/1353','ICT1233'),
('TG/2022/1353','ICT1242'),
('TG/2022/1353','ICT1253'),
('TG/2022/1353','TCS1212'),
('TG/2022/1353','TMS1233'),
('TG/2022/1353','ENG1222'),

('TG/2022/1354','ICT1212'),
('TG/2022/1354','ICT1222'),
('TG/2022/1354','ICT1233'),
('TG/2022/1354','ICT1242'),
('TG/2022/1354','ICT1253'),
('TG/2022/1354','TCS1212'),
('TG/2022/1354','TMS1233'),
('TG/2022/1354','ENG1222'),

('TG/2022/1355','ICT1212'),
('TG/2022/1355','ICT1222'),
('TG/2022/1355','ICT1233'),
('TG/2022/1355','ICT1242'),
('TG/2022/1355','ICT1253'),
('TG/2022/1355','TCS1212'),
('TG/2022/1355','TMS1233'),
('TG/2022/1355','ENG1222'),

('TG/2022/1356','ICT1212'),
('TG/2022/1356','ICT1222'),
('TG/2022/1356','ICT1233'),
('TG/2022/1356','ICT1242'),
('TG/2022/1356','ICT1253'),
('TG/2022/1356','TCS1212'),
('TG/2022/1356','TMS1233'),
('TG/2022/1356','ENG1222'),

('TG/2022/1357','ICT1212'),
('TG/2022/1357','ICT1222'),
('TG/2022/1357','ICT1233'),
('TG/2022/1357','ICT1242'),
('TG/2022/1357','ICT1253'),
('TG/2022/1357','TCS1212'),
('TG/2022/1357','TMS1233'),
('TG/2022/1357','ENG1222'),

('TG/2022/1358','ICT1212'),
('TG/2022/1358','ICT1222'),
('TG/2022/1358','ICT1233'),
('TG/2022/1358','ICT1242'),
('TG/2022/1358','ICT1253'),
('TG/2022/1358','TCS1212'),
('TG/2022/1358','TMS1233'),
('TG/2022/1358','ENG1222'),

('TG/2022/1359','ICT1212'),
('TG/2022/1359','ICT1222'),
('TG/2022/1359','ICT1233'),
('TG/2022/1359','ICT1242'),
('TG/2022/1359','ICT1253'),
('TG/2022/1359','TCS1212'),
('TG/2022/1359','TMS1233'),
('TG/2022/1359','ENG1222');





--Medical Table

INSERT INTO MEDICAL
(MED_ID,STU_ID,Course_ID,M_Description,SubmitDate)

VALUES
('MED001','TG/2022/1356','ICT1212','Anxiety or Panic Disorder','2024-08-06'),
('MED002','TG/2022/1354','TMS1233','Migraine Attacks','2024-08-14'),
('MED003','TG/2022/1354','ICT1242','Gastroenteritis, Stomach Flu','2024-08-15'),
('MED004','TG/2022/1348','TCS1212','Asthma Exacerbation','2024-08-23'),
('MED005','TG/2022/1351','ICT1212','Preventing Contagion','2024-08-27'),
('MED006','TG/2022/1352','ICT1242','Flu or Severe Cold','2024-09-05'),
('MED007','TG/2022/1353','TMS1233','Migraine Attacks','2024-09-18'),
('MED008','TG/2022/1350','ICT1233','Gastroenteritis, Stomach Flu','2024-10-07'),
('MED009','TG/2022/1357','ICT1242','Flu','2024-10-10'),
('MED010','TG/2022/1349','TCS1212','Stomach Flu','2024-10-25'),
('MED011','TG/2022/1350','TMS1233','Asthma Exacerbation','2024-11-06'),
('MED012','TG/2022/1358','ICT1253','Flu','2024-11-14');



--Exam_Mark_Table

INSERT INTO EXAM_MARK
(Stu_ID,Course_ID,Quiz_1,Quiz_2,Quiz_3,Assesment,mid_Theory,mid_Practical,end_Theory,end_Practical)
VALUES
('TG/2019/1018','ICT1212',68,72.3,70,55.5,64.4,0,66,0),
('TG/2020/1064','ICT1212',0,0,0,0,0,0,0,0),
('TG/2020/1095','ICT1212',78,84.5,100,74.8,69,0,86,0),
('TG/2021/1125','ICT1212',0,0,0,0,0,0,0,0),
('TG/2021/1152','ICT1212',44,35.8,56,47,52.5,0,32.7,0),
('TG/2021/1174','ICT1212',88.5,98,79.5,84,83,0,75,0),
('TG/2021/1232','ICT1212',54.2,65,75.6,85,98.7,0,95.8,0),
('TG/2021/1246','ICT1212',64,85.7,74,89,95.8,0,87.5,0),
('TG/2022/1346','ICT1212',78.2,91.5,35,52,45.8,0,45,0),
('TG/2022/1347','ICT1212',94.5,78,56.3,28,78,0,88,0),
('TG/2022/1348','ICT1212',74,89,69.5,87,89.2,0,96.7,0),
('TG/2022/1349','ICT1212',42.5,56.9,46,78.6,97,0,74,0),
('TG/2022/1350','ICT1212',75,89.8,78.2,69.5,84,0,87,0),
('TG/2022/1351','ICT1212',88.4,99.4,87,94.2,92,0,94.4,0),
('TG/2022/1352','ICT1212',85.7,100,96.1,87,94.5,0,92.5,0),
('TG/2022/1353','ICT1212',32,41.5,65,25,36.5,0,38,0),
('TG/2022/1354','ICT1212',65.5,100,85.5,96,100,0,86.5,0),
('TG/2022/1355','ICT1212',95,78.5,95,94,96.5,0,94.2,0),
('TG/2022/1356','ICT1212',36.5,42,38,28.5,52,0,45,0),
('TG/2022/1357','ICT1212',100,98.8,95,98.4,94,0,96,0),
('TG/2022/1358','ICT1212',95.5,84.6,86.5,74.2,85,0,86,0),
('TG/2022/1359','ICT1212',88,95,97.5,95,79.5,0,94,0),


('TG/2019/1018','ICT1222',62,72.5,70,65.5,0,66,0,68.5),
('TG/2020/1064','ICT1222',0,0,0,0,0,0,0,0),
('TG/2020/1095','ICT1222',88,84.5,100,74.8,0,86,0,85),
('TG/2021/1125','ICT1222',0,0,0,0,0,0,0,0),
('TG/2021/1152','ICT1222',54,35.8,75,47,0,32.7,0,56),
('TG/2021/1174','ICT1222',88.5,98,79.5,74,0,75,0,86),
('TG/2021/1232','ICT1222',54.6,60,75.6,85,0,95.8,0,88.8),
('TG/2021/1246','ICT1222',74,85.7,74,89,0,87.5,0,90),
('TG/2022/1346','ICT1222',78.2,91.5,45,52,0,45,0,78.2),
('TG/2022/1347','ICT1222',94.5,68,56.3,48,0,88,0,68.5),
('TG/2022/1348','ICT1222',70,89,69.5,87,0,96.7,0,82),
('TG/2022/1349','ICT1222',52.5,56.9,46,78.6,0,74,0,66.7),
('TG/2022/1350','ICT1222',75,84.8,78.2,66.5,0,87,0,85.2),
('TG/2022/1351','ICT1222',88.4,99.4,87,94.2,0,84.4,0,90),
('TG/2022/1352','ICT1222',85.7,98,96.1,87,0,92.5,0,85),
('TG/2022/1353','ICT1222',32,51.5,65,25,0,38,0,78.4),
('TG/2022/1354','ICT1222',65.5,91,85.5,96,0,86.5,0,78.5),
('TG/2022/1355','ICT1222',85,78.5,100,94,0,94.2,0,82),
('TG/2022/1356','ICT1222',46.5,42,38,28.5,0,45,0,50),
('TG/2022/1357','ICT1222',100,98.8,95,98.4,0,96,0,90),
('TG/2022/1358','ICT1222',95.5,88,86.5,74.2,0,86,0,82.5),
('TG/2022/1359','ICT1222',76,95,97.5,95,0,94,0,89),


('TG/2019/1018','ICT1233',78,72.3,70,55.5,0,75,66,70),
('TG/2020/1064','ICT1233',0,0,0,0,0,0,0,0),
('TG/2020/1095','ICT1233',69,84.5,98,74.8,0,78,86,84),
('TG/2021/1125','ICT1233',0,0,0,0,0,0,0,0),
('TG/2021/1152','ICT1233',48,35.8,56,47,0,62.5,32.7,65.2),
('TG/2021/1174','ICT1233',82.5,98,79.5,84,0,95,75,80.5),
('TG/2021/1232','ICT1233',54.2,65,75.6,85,0,66,95.8,74.5),
('TG/2021/1246','ICT1233',64,85.7,74,100,0,78,87.5,72.5),
('TG/2022/1346','ICT1233',78.2,91.5,35,52,0,40.5,45,75),
('TG/2022/1347','ICT1233',84.5,78,56.3,28,0,35,88,84),
('TG/2022/1348','ICT1233',74.2,89,69.5,87,0,74.2,96.7,82.5),
('TG/2022/1349','ICT1233',42.5,56.9,46,78.6,0,65,74,60),
('TG/2022/1350','ICT1233',65,89.8,78.2,69.5,0,80,87,88),
('TG/2022/1351','ICT1233',100,99.4,87,94.2,0,91.2,94.4,72),
('TG/2022/1352','ICT1233',85.7,90,96.1,87,0,88,92.5,80.5),
('TG/2022/1353','ICT1233',32,41.5,65,25,0,30,38,28.2),
('TG/2022/1354','ICT1233',65.5,95,85.5,96,0,98,86.5,75),
('TG/2022/1355','ICT1233',95,78.5,95,94,0,84,94.2,85.5),
('TG/2022/1356','ICT1233',36.5,42,38,28.5,0,35,45,30),
('TG/2022/1357','ICT1233',95,98.8,95,98.4,0,90,96,82.8),
('TG/2022/1358','ICT1233',95.5,84.6,86.5,74.2,0,78.5,86,77),
('TG/2022/1359','ICT1233',85,95,97.5,95,0,80,94,81.5),


('TG/2019/1018','ICT1242',78,82.3,80,65.5,74.4,0,76,0),
('TG/2020/1064','ICT1242',0,0,0,0,0,0,0,0),
('TG/2020/1095','ICT1242',88,84.5,90,74.8,79,0,76,0),
('TG/2021/1125','ICT1242',0,0,0,0,0,0,0,0),
('TG/2021/1152','ICT1242',64,45.8,66,67,72.5,0,42.7,0),
('TG/2021/1174','ICT1242',68.5,100,89.5,74,83,0,87,0),
('TG/2021/1232','ICT1242',74.2,65,75.6,95,98.7,0,75.8,0),
('TG/2021/1246','ICT1242',87,85.7,100,89,95.8,0,77.5,0),
('TG/2022/1346','ICT1242',100,91.5,35,62,45.8,0,55,0),
('TG/2022/1347','ICT1242',94.5,78,76.3,28,78,0,88,0),
('TG/2022/1348','ICT1242',84,89,69.5,87,89.2,0,78.7,0),
('TG/2022/1349','ICT1242',78.5,56.9,45,78.6,97,0,74,0),
('TG/2022/1350','ICT1242',100,89.8,78.2,79.5,84,0,87,0),
('TG/2022/1351','ICT1242',86.4,99.4,87,94.2,92,0,74.4,0),
('TG/2022/1352','ICT1242',95.7,100,96.1,87,94.5,0,92.5,0),
('TG/2022/1353','ICT1242',32,41.5,55,25,36.5,0,38,0),
('TG/2022/1354','ICT1242',78.5,100,85.5,96,100,0,86.5,0),
('TG/2022/1355','ICT1242',95,78.5,95,94,96.5,0,84.5,0),
('TG/2022/1356','ICT1242',36.5,42,38,28.5,52,0,42.2,0),
('TG/2022/1357','ICT1242',90,98.8,95,98.4,94,0,96,0),
('TG/2022/1358','ICT1242',95.5,84.6,76.5,74.2,85,0,86,0),
('TG/2022/1359','ICT1242',88,75,97.5,95,79.5,0,74,0),


('TG/2019/1018','ICT1253',68,72.3,70,55.5,0,65.5,66,78),
('TG/2020/1064','ICT1253',0,0,0,0,0,0,0,0),
('TG/2020/1095','ICT1253',78,84.5,100,74.8,0,70,86,66.5),
('TG/2021/1125','ICT1253',0,0,0,0,0,0,0,0),
('TG/2021/1152','ICT1253',44,35.8,56,47,0,89.5,32.7,52.2),
('TG/2021/1174','ICT1253',88.5,98,79.5,72,0,80,75,70),
('TG/2021/1232','ICT1253',54.2,65,75.6,85,0,73.5,95.8,65),
('TG/2021/1246','ICT1253',64,85.7,74,89,0,81.5,87.5,68),
('TG/2022/1346','ICT1253',78.2,91.5,35,52,0,50,45,74.2),
('TG/2022/1347','ICT1253',94.5,78,56.3,28,0,82.5,88,80),
('TG/2022/1348','ICT1253',74,89,69.5,87,0,77,96.7,87.5),
('TG/2022/1349','ICT1253',42.5,56.9,46,78.6,0,60,74,64),
('TG/2022/1350','ICT1253',75,89.8,78.2,69.5,0,72.2,87,73.5),
('TG/2022/1351','ICT1253',88.4,99.4,87,94.2,0,85,94.4,83.2),
('TG/2022/1352','ICT1253',85.7,100,96.1,87,0,78.4,92.5,90),
('TG/2022/1353','ICT1253',32,41.5,65,25,0,40,38,52.5),
('TG/2022/1354','ICT1253',65.5,100,85.5,96,0,74.5,86.5,70),
('TG/2022/1355','ICT1253',95,78.5,95,94,0,85,94.2,78.6),
('TG/2022/1356','ICT1253',36.5,42,38,28.5,0,36,45,52),
('TG/2022/1357','ICT1253',100,98.8,95,98.4,0,90.4,96,88.5),
('TG/2022/1358','ICT1253',95.5,84.6,86.5,74.2,0,72.5,86,74),
('TG/2022/1359','ICT1253',88,95,97.5,95,0,81,94,79),


('TG/2019/1018','TCS1212',67,72.3,50,55.5,64.4,0,66.5,0),
('TG/2020/1064','TCS1212',0,0,0,0,0,0,0,0),
('TG/2020/1095','TCS1212',65,74.5,90,74.8,79,0,56,0),
('TG/2021/1125','TCS1212',0,0,0,0,0,0,0,0),
('TG/2021/1152','TCS1212',74,35.8,56,65,52.5,0,55.7,0),
('TG/2021/1174','TCS1212',78.5,88,79.5,84,83,0,75.6,0),
('TG/2021/1232','TCS1212',86.2,65,75.6,85,98.7,0,85.8,0),
('TG/2021/1246','TCS1212',56,85.7,74,89,95.8,0,87.5,0),
('TG/2022/1346','TCS1212',78.2,91.5,48,52,45.8,0,45,0),
('TG/2022/1347','TCS1212',94.5,78,56.3,28,78,0,80,0),
('TG/2022/1348','TCS1212',74,69,69.5,87,89.2,0,96.5,0),
('TG/2022/1349','TCS1212',42.5,56.9,46,78.6,65,0,74,0),
('TG/2022/1350','TCS1212',65.6,89.8,78.2,69.5,84,0,87.4,0),
('TG/2022/1351','TCS1212',88.4,99.4,87,94.2,92,0,94.4,0),
('TG/2022/1352','TCS1212',75.7,90,96.1,87,94.5,0,92,0),
('TG/2022/1353','TCS1212',42,41.5,65,25,36.5,0,38,0),
('TG/2022/1354','TCS1212',100,96,85.5,96,100,0,86.5,0),
('TG/2022/1355','TCS1212',85,78.5,95,94,76.5,0,74.2,0),
('TG/2022/1356','TCS1212',36.5,42,38,28.5,52,0,55,0),
('TG/2022/1357','TCS1212',95,98.8,95,98.4,94,0,66,0),
('TG/2022/1358','TCS1212',84.5,84.6,86.5,74.2,85,0,86,0),
('TG/2022/1359','TCS1212',95,75,97.5,95,79.5,0,74.7,0),


('TG/2019/1018','TMS1233',64,85.7,74,89,95.8,0,87.5,0),
('TG/2020/1064','TMS1233',0,0,0,0,0,0,0,0),
('TG/2020/1095','TMS1233',65.5,100,85.5,96,100,0,86.5,0),
('TG/2021/1125','TMS1233',0,0,0,0,0,0,0,0),
('TG/2021/1152','TMS1233',42.5,56.9,46,78.6,97,0,74,0),
('TG/2021/1174','TMS1233',95,78.5,95,94,96.5,0,94.2,0),
('TG/2021/1232','TMS1233',78.2,91.5,35,52,45.8,0,45,0),
('TG/2021/1246','TMS1233',68,72.3,70,55.5,64.4,0,66,0),
('TG/2022/1346','TMS1233',75,89.8,78.2,69.5,84,0,87,0),
('TG/2022/1347','TMS1233',78,84.5,100,74.8,69,0,86,0),
('TG/2022/1348','TMS1233',36.5,42,38,28.5,52,0,45,0),
('TG/2022/1349','TMS1233',94.5,78,56.3,28,78,0,88,0),
('TG/2022/1350','TMS1233',44,35.8,56,47,52.5,0,32.7,0),
('TG/2022/1351','TMS1233',74,89,69.5,87,89.2,0,96.7,0),
('TG/2022/1352','TMS1233',32,41.5,65,25,36.5,0,38,0),
('TG/2022/1353','TMS1233',100,98.8,95,98.4,94,0,96,0),
('TG/2022/1354','TMS1233',88.5,98,79.5,84,83,0,75,0),
('TG/2022/1355','TMS1233',85.7,100,96.1,87,94.5,0,92.5,0),
('TG/2022/1356','TMS1233',88,95,97.5,95,79.5,0,94,0),
('TG/2022/1357','TMS1233',54.2,65,75.6,85,98.7,0,95.8,0),
('TG/2022/1358','TMS1233',95.5,84.6,86.5,74.2,85,0,86,0),
('TG/2022/1359','TMS1233',88.4,99.4,87,94.2,92,0,94.4,0),


('TG/2019/1018','ENG1222',88,95,97.5,95,79.5,0,94,0),
('TG/2020/1064','ENG1222',0,0,0,0,0,0,0,0),
('TG/2020/1095','ENG1222',95.5,84.6,86.5,74.2,85,0,86,0),
('TG/2021/1125','ENG1222',0,0,0,0,0,0,0,0),
('TG/2021/1152','ENG1222',100,98.8,95,98.4,94,0,96,0),
('TG/2021/1174','ENG1222',32,41.5,65,25,36.5,0,38,0),
('TG/2021/1232','ENG1222',65.5,100,85.5,96,100,0,86.5,0),
('TG/2021/1246','ENG1222',85.7,100,96.1,87,94.5,0,92.5,0),
('TG/2022/1346','ENG1222',88.4,99.4,87,94.2,92,0,94.4,0),
('TG/2022/1347','ENG1222',36.5,42,38,28.5,52,0,45,0),
('TG/2022/1348','ENG1222',78,84.5,100,74.8,69,0,86,0),
('TG/2022/1349','ENG1222',88.5,98,79.5,84,83,0,75,0),
('TG/2022/1350','ENG1222',95,78.5,95,94,96.5,0,94.2,0),
('TG/2022/1351','ENG1222',94.5,78,56.3,28,78,0,88,0),
('TG/2022/1352','ENG1222',78.2,91.5,35,52,45.8,0,45,0),
('TG/2022/1353','ENG1222',64,85.7,74,89,95.8,0,87.5,0),
('TG/2022/1354','ENG1222',75,89.8,78.2,69.5,84,0,87,0),
('TG/2022/1355','ENG1222',74,89,69.5,87,89.2,0,96.7,0),
('TG/2022/1356','ENG1222',54.2,65,75.6,85,98.7,0,95.8,0),
('TG/2022/1357','ENG1222',44,35.8,56,47,52.5,0,32.7,0),
('TG/2022/1358','ENG1222',68,72.3,70,55.5,64.4,0,66,0),
('TG/2022/1359','ENG1222',42.5,56.9,46,78.6,97,0,74,0);



--Technical Officer Table

INSERT INTO TECHNICAL_OFFICER
(TO_ID, T_Role)
VALUES
('T001','Systems Administrator'),
('T002','Network Engineer'),
('T003','Technical Support Specialist'),
('T004','Systems Administrator'),
('T005','Database Administrator'),
('T006','Security Officer'),
('T007','Technical Support Specialist'),
('T008','Security Officer');




--DEAN Table

INSERT INTO DEAN
(DEAN_ID)
VALUES
('D001');




--LECTURER COURSE Table

INSERT INTO LECTURER_COURSE
(LEC_ID,COURSE_ID,Lec_in_charge,Lec_hours)

VALUES
('L001','ICT1233','Chinthaka Chandrakumara',60),
('L002','ICT1212','W.Chandradasa Perera',30),
('L003','ICT1242','L.Manjula Vithanapathirana',30),
('L004','ICT1222','J.M.Samudra Senarath',30),
('L005','ENG1222','S.D.Indiaka Divakara',30),
('L006','ICT1233','Chinthaka Chandrakumara',60),
('L007','ENG1222','S.D.Indiaka Divakara',30),
('L008','ICT1253','B.A.Nipuna Heminda',60),
('L009','TMS1233','J.Uditha Garusinghe',45),
('L010','ENG1222','S.D.Indiaka Divakara',30),
('L011','TMS1233','J.Uditha Garusinghe',45),
('L012','TCS1212','G.A.Madara Karunarathne',30);




--LECTURER_STUDENT Table

INSERT INTO LECTURER_STUDENT
(LEC_ID,Stu_ID)

VALUES
('L001','TG/2021/1174'),
('L001','TG/2022/1346'),
('L001','TG/2022/1347'),
('L001','TG/2022/1348'),
('L001','TG/2022/1349'),
('L001','TG/2022/1350'),
('L001','TG/2022/1351'),
('L001','TG/2022/1352'),
('L001','TG/2022/1353'),
('L001','TG/2022/1354'),
('L001','TG/2022/1355'),
('L001','TG/2022/1356'),
('L001','TG/2022/1357'),
('L001','TG/2022/1358'),
('L001','TG/2022/1359'),

('L002','TG/2022/1346'),
('L002','TG/2022/1347'),
('L002','TG/2022/1348'),
('L002','TG/2022/1349'),
('L002','TG/2022/1350'),
('L002','TG/2022/1351'),
('L002','TG/2022/1352'),
('L002','TG/2022/1353'),
('L002','TG/2022/1354'),
('L002','TG/2022/1355'),
('L002','TG/2022/1356'),
('L002','TG/2022/1357'),
('L002','TG/2022/1358'),
('L002','TG/2022/1359'),

('L003','TG/2019/1018'),
('L003','TG/2020/1095'),
('L003','TG/2021/1174'),
('L003','TG/2022/1346'),
('L003','TG/2022/1347'),
('L003','TG/2022/1348'),
('L003','TG/2022/1349'),
('L003','TG/2022/1350'),
('L003','TG/2022/1351'),
('L003','TG/2022/1352'),
('L003','TG/2022/1353'),
('L003','TG/2022/1354'),
('L003','TG/2022/1355'),
('L003','TG/2022/1356'),
('L003','TG/2022/1357'),
('L003','TG/2022/1358'),
('L003','TG/2022/1359'),

('L004','TG/2022/1346'),
('L004','TG/2022/1347'),
('L004','TG/2022/1348'),
('L004','TG/2022/1349'),
('L004','TG/2022/1350'),
('L004','TG/2022/1351'),
('L004','TG/2022/1352'),
('L004','TG/2022/1353'),
('L004','TG/2022/1354'),
('L004','TG/2022/1355'),
('L004','TG/2022/1356'),
('L004','TG/2022/1357'),
('L004','TG/2022/1358'),
('L004','TG/2022/1359'),

('L005','TG/2021/1152'),
('L005','TG/2022/1346'),
('L005','TG/2022/1347'),
('L005','TG/2022/1348'),
('L005','TG/2022/1349'),
('L005','TG/2022/1350'),
('L005','TG/2022/1351'),
('L005','TG/2022/1352'),
('L005','TG/2022/1353'),
('L005','TG/2022/1354'),
('L005','TG/2022/1355'),
('L005','TG/2022/1356'),
('L005','TG/2022/1357'),
('L005','TG/2022/1358'),
('L005','TG/2022/1359'),

('L006','TG/2021/1174'),
('L006','TG/2022/1346'),
('L006','TG/2022/1347'),
('L006','TG/2022/1348'),
('L006','TG/2022/1349'),
('L006','TG/2022/1350'),
('L006','TG/2022/1351'),
('L006','TG/2022/1352'),
('L006','TG/2022/1353'),
('L006','TG/2022/1354'),
('L006','TG/2022/1355'),
('L006','TG/2022/1356'),
('L006','TG/2022/1357'),
('L006','TG/2022/1358'),
('L006','TG/2022/1359'),

('L007','TG/2021/1152'),
('L007','TG/2022/1346'),
('L007','TG/2022/1347'),
('L007','TG/2022/1348'),
('L007','TG/2022/1349'),
('L007','TG/2022/1350'),
('L007','TG/2022/1351'),
('L007','TG/2022/1352'),
('L007','TG/2022/1353'),
('L007','TG/2022/1354'),
('L007','TG/2022/1355'),
('L007','TG/2022/1356'),
('L007','TG/2022/1357'),
('L007','TG/2022/1358'),
('L007','TG/2022/1359'),

('L008','TG/2020/1095'),
('L008','TG/2022/1346'),
('L008','TG/2022/1347'),
('L008','TG/2022/1348'),
('L008','TG/2022/1349'),
('L008','TG/2022/1350'),
('L008','TG/2022/1351'),
('L008','TG/2022/1352'),
('L008','TG/2022/1353'),
('L008','TG/2022/1354'),
('L008','TG/2022/1355'),
('L008','TG/2022/1356'),
('L008','TG/2022/1357'),
('L008','TG/2022/1358'),
('L008','TG/2022/1359'),

('L009','TG/2022/1346'),
('L009','TG/2022/1347'),
('L009','TG/2022/1348'),
('L009','TG/2022/1349'),
('L009','TG/2022/1350'),
('L009','TG/2022/1351'),
('L009','TG/2022/1352'),
('L009','TG/2022/1353'),
('L009','TG/2022/1354'),
('L009','TG/2022/1355'),
('L009','TG/2022/1356'),
('L009','TG/2022/1357'),
('L009','TG/2022/1358'),
('L009','TG/2022/1359'),

('L010','TG/2021/1152'),
('L010','TG/2022/1346'),
('L010','TG/2022/1347'),
('L010','TG/2022/1348'),
('L010','TG/2022/1349'),
('L010','TG/2022/1350'),
('L010','TG/2022/1351'),
('L010','TG/2022/1352'),
('L010','TG/2022/1353'),
('L010','TG/2022/1354'),
('L010','TG/2022/1355'),
('L010','TG/2022/1356'),
('L010','TG/2022/1357'),
('L010','TG/2022/1358'),
('L010','TG/2022/1359'),

('L011','TG/2022/1346'),
('L011','TG/2022/1347'),
('L011','TG/2022/1348'),
('L011','TG/2022/1349'),
('L011','TG/2022/1350'),
('L011','TG/2022/1351'),
('L011','TG/2022/1352'),
('L011','TG/2022/1353'),
('L011','TG/2022/1354'),
('L011','TG/2022/1355'),
('L011','TG/2022/1356'),
('L011','TG/2022/1357'),
('L011','TG/2022/1358'),
('L011','TG/2022/1359'),

('L012','TG/2021/1174'),
('L012','TG/2021/1232'),
('L012','TG/2021/1246'),
('L012','TG/2022/1346'),
('L012','TG/2022/1347'),
('L012','TG/2022/1348'),
('L012','TG/2022/1349'),
('L012','TG/2022/1350'),
('L012','TG/2022/1351'),
('L012','TG/2022/1352'),
('L012','TG/2022/1353'),
('L012','TG/2022/1354'),
('L012','TG/2022/1355'),
('L012','TG/2022/1356'),
('L012','TG/2022/1357'),
('L012','TG/2022/1358'),
('L012','TG/2022/1359');




--Student_Eligibility TABLE

INSERT INTO STUDENT_ELIGIBILITY (Stu_ID, Course_ID, CA_marks, Attendance_percentage, Eligibility_status)
SELECT 
    em.Stu_ID,
    em.Course_ID,
    
    (em.Quiz_1 + em.Quiz_2 + em.Quiz_3 + em.Assesment + em.mid_Theory + em.mid_Practical) / 6 AS CA_marks,
    
    (SUM(CASE WHEN att.A_Status = 'Present' THEN 1 ELSE 0 END) / COUNT(*)) * 100 AS Attendance_percentage,

    CASE 
        WHEN (em.Quiz_1 + em.Quiz_2 + em.Quiz_3 + em.Assesment + em.mid_Theory + em.mid_Practical) / 6 >= 50 
            AND (SUM(CASE WHEN att.A_Status = 'Present' THEN 1 ELSE 0 END) / COUNT(*)) * 100 >= 80
        THEN 'Eligible' 
        ELSE 'Not Eligible' 
    END AS Eligibility_status

FROM 
    EXAM_MARK em
JOIN 
    ATTENDENCE att 
ON 
    em.Stu_ID = att.Stu_ID 
    AND em.Course_ID = att.Course_ID

GROUP BY 
    em.Stu_ID, em.Course_ID;