--COURSE_UNIT Table

INSERT INTO COURSE_UNIT
(Course_ID,Course_Name,Course_Credit,DepID)

VALUES
('ICT1212','Database Management Systems',2,'D_ICT'),
('ICT1222','Database Management Systems Practicum',2,'D_ICT'),
('ICT1233','Server-Side Web Development',3,'D_ICT'),
('ICT1242','Computer Architecture',2,'D_ICT'),
('ICT1253','Computer Networks',3,'D_ICT'),
('TCS1212','Fundamentals of Management',2,'D_MDS'),
('TMS1233','Discrete Mathematics',3,'D_ET'),
('ENG1222','English II',2,'D_MDS');


--ELIGIBILITY Table

INSERT INTO ELIGIBILITY 
(El_ID, El_status)

VALUES
('EE','Eligible'),
('NE','Not Eligible');



--STUDENT_COURSE Table

INSERT INTO STUDENT_COURSE
(Stu_ID,COURSE_ID)

VALUES
('TG/2019/1018','ICT1242'),

('TG/2020/1095','ICT1253'),
('TG/2020/1095','ICT1242'),

('TG/2021/1152','ENG1222'),

('TG/2021/1174','TCS1212'),
('TG/2021/1174','ICT1242'),
('TG/2021/1174','ICT1233'),

('TG/2021/1232','TCS1212'),

('TG/2021/1246','TCS1212'),

('TG/2022/1346','ICT1212'),
('TG/2022/1346','ICT1222'),
('TG/2022/1346','ICT1233'),
('TG/2022/1346','ICT1242'),
('TG/2022/1346','ICT1253'),
('TG/2022/1346','TCS1212'),
('TG/2022/1346','TMS1233'),
('TG/2022/1346','ENG1222'),

('TG/2022/1347','ICT1212'),
('TG/2022/1347','ICT1222'),
('TG/2022/1347','ICT1233'),
('TG/2022/1347','ICT1242'),
('TG/2022/1347','ICT1253'),
('TG/2022/1347','TCS1212'),
('TG/2022/1347','TMS1233'),
('TG/2022/1347','ENG1222'),

('TG/2022/1348','ICT1212'),
('TG/2022/1348','ICT1222'),
('TG/2022/1348','ICT1233'),
('TG/2022/1348','ICT1242'),
('TG/2022/1348','ICT1253'),
('TG/2022/1348','TCS1212'),
('TG/2022/1348','TMS1233'),
('TG/2022/1348','ENG1222'),

('TG/2022/1349','ICT1212'),
('TG/2022/1349','ICT1222'),
('TG/2022/1349','ICT1233'),
('TG/2022/1349','ICT1242'),
('TG/2022/1349','ICT1253'),
('TG/2022/1349','TCS1212'),
('TG/2022/1349','TMS1233'),
('TG/2022/1349','ENG1222'),

('TG/2022/1350','ICT1212'),
('TG/2022/1350','ICT1222'),
('TG/2022/1350','ICT1233'),
('TG/2022/1350','ICT1242'),
('TG/2022/1350','ICT1253'),
('TG/2022/1350','TCS1212'),
('TG/2022/1350','TMS1233'),
('TG/2022/1350','ENG1222'),

('TG/2022/1351','ICT1212'),
('TG/2022/1351','ICT1222'),
('TG/2022/1351','ICT1233'),
('TG/2022/1351','ICT1242'),
('TG/2022/1351','ICT1253'),
('TG/2022/1351','TCS1212'),
('TG/2022/1351','TMS1233'),
('TG/2022/1351','ENG1222'),

('TG/2022/1352','ICT1212'),
('TG/2022/1352','ICT1222'),
('TG/2022/1352','ICT1233'),
('TG/2022/1352','ICT1242'),
('TG/2022/1352','ICT1253'),
('TG/2022/1352','TCS1212'),
('TG/2022/1352','TMS1233'),
('TG/2022/1352','ENG1222'),

('TG/2022/1353','ICT1212'),
('TG/2022/1353','ICT1222'),
('TG/2022/1353','ICT1233'),
('TG/2022/1353','ICT1242'),
('TG/2022/1353','ICT1253'),
('TG/2022/1353','TCS1212'),
('TG/2022/1353','TMS1233'),
('TG/2022/1353','ENG1222'),

('TG/2022/1354','ICT1212'),
('TG/2022/1354','ICT1222'),
('TG/2022/1354','ICT1233'),
('TG/2022/1354','ICT1242'),
('TG/2022/1354','ICT1253'),
('TG/2022/1354','TCS1212'),
('TG/2022/1354','TMS1233'),
('TG/2022/1354','ENG1222'),

('TG/2022/1355','ICT1212'),
('TG/2022/1355','ICT1222'),
('TG/2022/1355','ICT1233'),
('TG/2022/1355','ICT1242'),
('TG/2022/1355','ICT1253'),
('TG/2022/1355','TCS1212'),
('TG/2022/1355','TMS1233'),
('TG/2022/1355','ENG1222'),

('TG/2022/1356','ICT1212'),
('TG/2022/1356','ICT1222'),
('TG/2022/1356','ICT1233'),
('TG/2022/1356','ICT1242'),
('TG/2022/1356','ICT1253'),
('TG/2022/1356','TCS1212'),
('TG/2022/1356','TMS1233'),
('TG/2022/1356','ENG1222'),

('TG/2022/1357','ICT1212'),
('TG/2022/1357','ICT1222'),
('TG/2022/1357','ICT1233'),
('TG/2022/1357','ICT1242'),
('TG/2022/1357','ICT1253'),
('TG/2022/1357','TCS1212'),
('TG/2022/1357','TMS1233'),
('TG/2022/1357','ENG1222'),

('TG/2022/1358','ICT1212'),
('TG/2022/1358','ICT1222'),
('TG/2022/1358','ICT1233'),
('TG/2022/1358','ICT1242'),
('TG/2022/1358','ICT1253'),
('TG/2022/1358','TCS1212'),
('TG/2022/1358','TMS1233'),
('TG/2022/1358','ENG1222'),

('TG/2022/1359','ICT1212'),
('TG/2022/1359','ICT1222'),
('TG/2022/1359','ICT1233'),
('TG/2022/1359','ICT1242'),
('TG/2022/1359','ICT1253'),
('TG/2022/1359','TCS1212'),
('TG/2022/1359','TMS1233'),
('TG/2022/1359','ENG1222');