
--Medical Table

INSERT INTO MEDICAL
(MED_ID,STU_ID,Course_ID,M_Description,SubmitDate)

VALUES
('MED001','TG/2022/1346','ICT1212','Anxiety or Panic Disorder','2024-08-21'),
('MED002','TG/2022/1352','ICT1233','Migraine Attacks','2024-08-28'),
('MED003','TG/2022/1349','ICT1242','Gastroenteritis, Stomach Flu','2024-09-10'),
('MED004','TG/2021/1174','ICT1212','Asthma Exacerbation','2024-09-18'),
('MED005','TG/2022/1358','ICT1253','Preventing Contagion','2024-09-30'),
('MED006','TG/2022/1350','TCS1212','Flu or Severe Cold','2024-10-02'),
('MED007','TG/2022/1352','ICT1212','Migraine Attacks','2024-10-12'),
('MED008','TG/2022/1354','ICT1233','Gastroenteritis, Stomach Flu','2024-10-24');


--Exam_Mark_Table

INSERT INTO EXAM_MARK
(Stu_ID,Course_ID,Quiz_1,Quiz_2,Quiz_3,Assesment,mid_Theory,mid_Practical,end_Theory,end_Practical,ELI_ID)
VALUES
('TG/2019/1018','ICT1212',68,72.3,70,55.5,64.4,NULL,66,NULL,'EE'),
('TG/2020/1095','ICT1212',78,84.5,100,74.8,69,NULL,86,NULL,'EE'),
('TG/2021/1152','ICT1212',44,35.8,56,47,52.5,NULL,32.7,NULL,'EE'),
('TG/2021/1174','ICT1212',88.5,98,79.5,84,83,NULL,75,NULL,'EE'),
('TG/2021/1232','ICT1212',54.2,65,75.6,85,98.7,NULL,95.8,NULL,'EE'),
('TG/2021/1246','ICT1212',64,85.7,74,89,95.8,NULL,87.5,NULL,'EE'),
('TG/2022/1346','ICT1212',78.2,91.5,35,52,45.8,NULL,45,NULL,'EE'),
('TG/2022/1347','ICT1212',94.5,78,56.3,28,78,NULL,88,NULL,'EE'),
('TG/2022/1348','ICT1212',74,89,69.5,87,89.2,NULL,96.7,NULL,'EE'),
('TG/2022/1349','ICT1212',42.5,56.9,46,78.6,97,NULL,74,NULL,'EE'),
('TG/2022/1350','ICT1212',75,89.8,78.2,69.5,84,NULL,87,Null,'EE'),
('TG/2022/1351','ICT1212',88.4,99.4,87,94.2,92,NULL,94.4,NULL,'EE'),
('TG/2022/1352','ICT1212',85.7,100,96.1,87,94.5,NULL,92.5,NULL,'NE'),
('TG/2022/1353','ICT1212',32,41.5,65,25,36.5,NULL,38,NULL,'EE'),
('TG/2022/1354','ICT1212',65.5,100,85.5,96,100,NULL,86.5,NULL,'NE'),
('TG/2022/1355','ICT1212',95,78.5,95,94,96.5,NULL,94.2,NULL,'EE'),
('TG/2022/1356','ICT1212',36.5,42,38,28.5,52,NULL,45,NULL,'EE'),
('TG/2022/1357','ICT1212',100,98.8,95,98.4,94,NULL,96,NULL,'NE'),
('TG/2022/1358','ICT1212',95.5,84.6,86.5,74.2,85,NULL,86,NULL,'EE'),
('TG/2022/1359','ICT1212',88,95,97.5,95,79.5,NULL,94,NULL,'NE'),


('TG/2019/1018','ICT1222',62,72.5,70,65.5,NULL,66,NULL,68.5,'EE'),
('TG/2020/1095','ICT1222',88,84.5,100,74.8,NULL,86,NULL,85,'EE'),
('TG/2021/1152','ICT1222',54,35.8,75,47,NULL,32.7,NULL,56,'EE'),
('TG/2021/1174','ICT1222',88.5,98,79.5,74,NULL,75,NULL,86,'EE'),
('TG/2021/1232','ICT1222',54.6,60,75.6,85,NULL,95.8,NULL,88.8,'EE'),
('TG/2021/1246','ICT1222',74,85.7,74,89,NULL,87.5,NULL,90,'EE'),
('TG/2022/1346','ICT1222',78.2,91.5,45,52,NULL,45,NULL,78.2,'EE'),
('TG/2022/1347','ICT1222',94.5,68,56.3,48,NULL,88,NULL,68.5,'EE'),
('TG/2022/1348','ICT1222',70,89,69.5,87,NULL,96.7,NULL,82,'EE'),
('TG/2022/1349','ICT1222',52.5,56.9,46,78.6,NULL,74,NULL,66.7,'EE'),
('TG/2022/1350','ICT1222',75,84.8,78.2,66.5,NULL,87,Null,85.2,'EE'),
('TG/2022/1351','ICT1222',88.4,99.4,87,94.2,NULL,84.4,NULL,90,'EE'),
('TG/2022/1352','ICT1222',85.7,98,96.1,87,NULL,92.5,NULL,85,'NE'),
('TG/2022/1353','ICT1222',32,51.5,65,25,NULL,38,NULL,78.4,'EE'),
('TG/2022/1354','ICT1222',65.5,91,85.5,96,NULL,86.5,NULL,78.5,'NE'),
('TG/2022/1355','ICT1222',85,78.5,100,94,NULL,94.2,NULL,82,'EE'),
('TG/2022/1356','ICT1222',46.5,42,38,28.5,NULL,45,NULL,50,'EE'),
('TG/2022/1357','ICT1222',100,98.8,95,98.4,NULL,96,NULL,90,'NE'),
('TG/2022/1358','ICT1222',95.5,88,86.5,74.2,NULL,86,NULL,82.5,'EE'),
('TG/2022/1359','ICT1222',76,95,97.5,95,NULL,94,NULL,89,'EE'),


('TG/2019/1018','ICT1233',78,72.3,70,55.5,NULL,75,66,70,'EE'),
('TG/2020/1095','ICT1233',69,84.5,98,74.8,NULL,78,86,84,'EE'),
('TG/2021/1152','ICT1233',48,35.8,56,47,NULL,62.5,32.7,65.2,'EE'),
('TG/2021/1174','ICT1233',82.5,98,79.5,84,NULL,95,75,80.5,'EE'),
('TG/2021/1232','ICT1233',54.2,65,75.6,85,NULL,66,95.8,74.5,'EE'),
('TG/2021/1246','ICT1233',64,85.7,74,100,NULL,78,87.5,72.5,'EE'),
('TG/2022/1346','ICT1233',78.2,91.5,35,52,NULL,40.5,45,75,'EE'),
('TG/2022/1347','ICT1233',84.5,78,56.3,28,NULL,35,88,84,'EE'),
('TG/2022/1348','ICT1233',74.2,89,69.5,87,NULL,74.2,96.7,82.5,'EE'),
('TG/2022/1349','ICT1233',42.5,56.9,46,78.6,NULL,65,74,60,'EE'),
('TG/2022/1350','ICT1233',65,89.8,78.2,69.5,NULL,80,87,88,'EE'),
('TG/2022/1351','ICT1233',100,99.4,87,94.2,NULL,91.2,94.4,72,'EE'),
('TG/2022/1352','ICT1233',85.7,90,96.1,87,NULL,88,92.5,80.5,'NE'),
('TG/2022/1353','ICT1233',32,41.5,65,25,NULL,30,38,28.2,'EE'),
('TG/2022/1354','ICT1233',65.5,95,85.5,96,NULL,98,86.5,75,'NE'),
('TG/2022/1355','ICT1233',95,78.5,95,94,NULL,84,94.2,85.5,'EE'),
('TG/2022/1356','ICT1233',36.5,42,38,28.5,NULL,35,45,30,'EE'),
('TG/2022/1357','ICT1233',95,98.8,95,98.4,NULL,90,96,82.8,'NE'),
('TG/2022/1358','ICT1233',95.5,84.6,86.5,74.2,NULL,78.5,86,77,'EE'),
('TG/2022/1359','ICT1233',85,95,97.5,95,NULL,80,94,81.5,'EE'),


('TG/2019/1018','ICT1242',78,82.3,80,65.5,74.4,NULL,76,NULL,'EE'),
('TG/2020/1095','ICT1242',88,84.5,90,74.8,79,NULL,76,NULL,'EE'),
('TG/2021/1152','ICT1242',64,45.8,66,67,72.5,NULL,42.7,NULL,'EE'),
('TG/2021/1174','ICT1242',68.5,100,89.5,74,83,NULL,87,NULL,'EE'),
('TG/2021/1232','ICT1242',74.2,65,75.6,95,98.7,NULL,75.8,NULL,'EE'),
('TG/2021/1246','ICT1242',87,85.7,100,89,95.8,NULL,77.5,NULL,'EE'),
('TG/2022/1346','ICT1242',100,91.5,35,62,45.8,NULL,55,NULL,'EE'),
('TG/2022/1347','ICT1242',94.5,78,76.3,28,78,NULL,88,NULL,'EE'),
('TG/2022/1348','ICT1242',84,89,69.5,87,89.2,NULL,78.7,NULL,'EE'),
('TG/2022/1349','ICT1242',78.5,56.9,45,78.6,97,NULL,74,NULL,'EE'),
('TG/2022/1350','ICT1242',100,89.8,78.2,79.5,84,NULL,87,Null,'EE'),
('TG/2022/1351','ICT1242',86.4,99.4,87,94.2,92,NULL,74.4,NULL,'EE'),
('TG/2022/1352','ICT1242',95.7,100,96.1,87,94.5,NULL,92.5,NULL,'NE'),
('TG/2022/1353','ICT1242',32,41.5,55,25,36.5,NULL,38,NULL,'EE'),
('TG/2022/1354','ICT1242',78.5,100,85.5,96,100,NULL,86.5,NULL,'NE'),
('TG/2022/1355','ICT1242',95,78.5,95,94,96.5,NULL,84.5,NULL,'EE'),
('TG/2022/1356','ICT1242',36.5,42,38,28.5,52,NULL,42.2,NULL,'EE'),
('TG/2022/1357','ICT1242',90,98.8,95,98.4,94,NULL,96,NULL,'NE'),
('TG/2022/1358','ICT1242',95.5,84.6,76.5,74.2,85,NULL,86,NULL,'EE'),
('TG/2022/1359','ICT1242',88,75,97.5,95,79.5,NULL,74,NULL,'EE'),


('TG/2019/1018','ICT1253',68,72.3,70,55.5,NULL,65.5,66,78,'EE'),
('TG/2020/1095','ICT1253',78,84.5,100,74.8,NULL,70,86,66.5,'EE'),
('TG/2021/1152','ICT1253',44,35.8,56,47,NULL,89.5,32.7,52.2,'EE'),
('TG/2021/1174','ICT1253',88.5,98,79.5,72,NULL,80,75,70,'EE'),
('TG/2021/1232','ICT1253',54.2,65,75.6,85,NULL,73.5,95.8,65,'EE'),
('TG/2021/1246','ICT1253',64,85.7,74,89,NULL,81.5,87.5,68,'EE'),
('TG/2022/1346','ICT1253',78.2,91.5,35,52,NULL,50,45,74.2,'EE'),
('TG/2022/1347','ICT1253',94.5,78,56.3,28,NULL,82.5,88,80,'EE'),
('TG/2022/1348','ICT1253',74,89,69.5,87,NULL,77,96.7,87.5,'EE'),
('TG/2022/1349','ICT1253',42.5,56.9,46,78.6,NULL,60,74,64,'EE'),
('TG/2022/1350','ICT1253',75,89.8,78.2,69.5,NULL,72.2,87,73.5,'EE'),
('TG/2022/1351','ICT1253',88.4,99.4,87,94.2,NULL,85,94.4,83.2,'EE'),
('TG/2022/1352','ICT1253',85.7,100,96.1,87,NULL,78.4,92.5,90,'NE'),
('TG/2022/1353','ICT1253',32,41.5,65,25,NULL,40,38,52.5,'EE'),
('TG/2022/1354','ICT1253',65.5,100,85.5,96,NULL,74.5,86.5,70,'NE'),
('TG/2022/1355','ICT1253',95,78.5,95,94,NULL,85,94.2,78.6,'EE'),
('TG/2022/1356','ICT1253',36.5,42,38,28.5,NULL,36,45,52,'EE'),
('TG/2022/1357','ICT1253',100,98.8,95,98.4,NULL,90.4,96,88.5,'NE'),
('TG/2022/1358','ICT1253',95.5,84.6,86.5,74.2,NULL,72.5,86,74,'EE'),
('TG/2022/1359','ICT1253',88,95,97.5,95,NULL,81,94,79,'EE'),


('TG/2019/1018','TCS1212',67,72.3,50,55.5,64.4,NULL,66.5,NULL,'EE'),
('TG/2020/1095','TCS1212',65,74.5,90,74.8,79,NULL,56,NULL,'EE'),
('TG/2021/1152','TCS1212',74,35.8,56,65,52.5,NULL,55.7,NULL,'EE'),
('TG/2021/1174','TCS1212',78.5,88,79.5,84,83,NULL,75.6,NULL,'EE'),
('TG/2021/1232','TCS1212',86.2,65,75.6,85,98.7,NULL,85.8,NULL,'EE'),
('TG/2021/1246','TCS1212',56,85.7,74,89,95.8,NULL,87.5,NULL,'EE'),
('TG/2022/1346','TCS1212',78.2,91.5,48,52,45.8,NULL,45,NULL,'EE'),
('TG/2022/1347','TCS1212',94.5,78,56.3,28,78,NULL,80,NULL,'EE'),
('TG/2022/1348','TCS1212',74,69,69.5,87,89.2,NULL,96.5,NULL,'EE'),
('TG/2022/1349','TCS1212',42.5,56.9,46,78.6,65,NULL,74,NULL,'EE'),
('TG/2022/1350','TCS1212',65.6,89.8,78.2,69.5,84,NULL,87.4,Null,'EE'),
('TG/2022/1351','TCS1212',88.4,99.4,87,94.2,92,NULL,94.4,NULL,'EE'),
('TG/2022/1352','TCS1212',75.7,90,96.1,87,94.5,NULL,92,NULL,'NE'),
('TG/2022/1353','TCS1212',42,41.5,65,25,36.5,NULL,38,NULL,'EE'),
('TG/2022/1354','TCS1212',100,96,85.5,96,100,NULL,86.5,NULL,'NE'),
('TG/2022/1355','TCS1212',85,78.5,95,94,76.5,NULL,74.2,NULL,'EE'),
('TG/2022/1356','TCS1212',36.5,42,38,28.5,52,NULL,55,NULL,'EE'),
('TG/2022/1357','TCS1212',95,98.8,95,98.4,94,NULL,66,NULL,'NE'),
('TG/2022/1358','TCS1212',84.5,84.6,86.5,74.2,85,NULL,86,NULL,'EE'),
('TG/2022/1359','TCS1212',95,75,97.5,95,79.5,NULL,74.7,NULL,'EE'),


('TG/2019/1018','TMS1233',64,85.7,74,89,95.8,NULL,87.5,NULL,'EE'),
('TG/2020/1095','TMS1233',65.5,100,85.5,96,100,NULL,86.5,NULL,'EE'),
('TG/2021/1152','TMS1233',42.5,56.9,46,78.6,97,NULL,74,NULL,'EE'),
('TG/2021/1174','TMS1233',95,78.5,95,94,96.5,NULL,94.2,NULL,'EE'),
('TG/2021/1232','TMS1233',78.2,91.5,35,52,45.8,NULL,45,NULL,'EE'),
('TG/2021/1246','TMS1233',68,72.3,70,55.5,64.4,NULL,66,NULL,'EE'),
('TG/2022/1346','TMS1233',75,89.8,78.2,69.5,84,NULL,87,Null,'EE'),
('TG/2022/1347','TMS1233',78,84.5,100,74.8,69,NULL,86,NULL,'EE'),
('TG/2022/1348','TMS1233',36.5,42,38,28.5,52,NULL,45,NULL,'EE'),
('TG/2022/1349','TMS1233',94.5,78,56.3,28,78,NULL,88,NULL,'EE'),
('TG/2022/1350','TMS1233',44,35.8,56,47,52.5,NULL,32.7,NULL,'EE'),
('TG/2022/1351','TMS1233',74,89,69.5,87,89.2,NULL,96.7,NULL,'EE'),
('TG/2022/1352','TMS1233',32,41.5,65,25,36.5,NULL,38,NULL,'NE'),
('TG/2022/1353','TMS1233',100,98.8,95,98.4,94,NULL,96,NULL,'EE'),
('TG/2022/1354','TMS1233',88.5,98,79.5,84,83,NULL,75,NULL,'NE'),
('TG/2022/1355','TMS1233',85.7,100,96.1,87,94.5,NULL,92.5,NULL,'EE'),
('TG/2022/1356','TMS1233',88,95,97.5,95,79.5,NULL,94,NULL,'EE'),
('TG/2022/1357','TMS1233',54.2,65,75.6,85,98.7,NULL,95.8,NULL,'NE'),
('TG/2022/1358','TMS1233',95.5,84.6,86.5,74.2,85,NULL,86,NULL,'EE'),
('TG/2022/1359','TMS1233',88.4,99.4,87,94.2,92,NULL,94.4,NULL,'EE'),


('TG/2019/1018','ENG1222',88,95,97.5,95,79.5,NULL,94,NULL,'EE'),
('TG/2020/1095','ENG1222',95.5,84.6,86.5,74.2,85,NULL,86,NULL,'EE'),
('TG/2021/1152','ENG1222',100,98.8,95,98.4,94,NULL,96,NULL,'EE'),
('TG/2021/1174','ENG1222',32,41.5,65,25,36.5,NULL,38,NULL,'EE'),
('TG/2021/1232','ENG1222',65.5,100,85.5,96,100,NULL,86.5,NULL,'EE'),
('TG/2021/1246','ENG1222',85.7,100,96.1,87,94.5,NULL,92.5,NULL,'EE'),
('TG/2022/1346','ENG1222',88.4,99.4,87,94.2,92,NULL,94.4,NULL,'EE'),
('TG/2022/1347','ENG1222',36.5,42,38,28.5,52,NULL,45,NULL,'EE'),
('TG/2022/1348','ENG1222',78,84.5,100,74.8,69,NULL,86,NULL,'EE'),
('TG/2022/1349','ENG1222',88.5,98,79.5,84,83,NULL,75,NULL,'EE'),
('TG/2022/1350','ENG1222',95,78.5,95,94,96.5,NULL,94.2,NULL,'EE'),
('TG/2022/1351','ENG1222',94.5,78,56.3,28,78,NULL,88,NULL,'EE'),
('TG/2022/1352','ENG1222',78.2,91.5,35,52,45.8,NULL,45,NULL,'NE'),
('TG/2022/1353','ENG1222',64,85.7,74,89,95.8,NULL,87.5,NULL,'EE'),
('TG/2022/1354','ENG1222',75,89.8,78.2,69.5,84,NULL,87,Null,'NE'),
('TG/2022/1355','ENG1222',74,89,69.5,87,89.2,NULL,96.7,NULL,'EE'),
('TG/2022/1356','ENG1222',54.2,65,75.6,85,98.7,NULL,95.8,NULL,'EE'),
('TG/2022/1357','ENG1222',44,35.8,56,47,52.5,NULL,32.7,NULL,'NE'),
('TG/2022/1358','ENG1222',68,72.3,70,55.5,64.4,NULL,66,NULL,'EE'),
('TG/2022/1359','ENG1222',42.5,56.9,46,78.6,97,NULL,74,NULL,'EE');


--Technical Officer Table

INSERT INTO TECHNICAL_OFFICER
(TO_ID, T_Role)
VALUES
('T001','Systems Administrator'),
('T002','Network Engineer'),
('T003','Technical Support Specialist'),
('T004','Systems Administrator'),
('T005','Database Administrator'),
('T006','Security Officer'),
('T007','Technical Support Specialist'),
('T008','Security Officer');


--DEAN Table

INSERT INTO DEAN
(DEAN_ID)
VALUES
('DEAN001');


--LECTURER COURSE Table

INSERT INTO LECTURER_COURSE
(LEC_ID,COURSE_ID,Lec_in_charge,Lec_hours)

VALUES
('L001','ICT1233','Chinthaka Chandrakumara',60),
('L002','ICT1212','W.Chandradasa Perera',30),
('L003','ICT1242','L.Manjula Vithanapathirana',30),
('L004','ICT1222','J.M.Samudra Senarath',60),
('L005','ENG1222','S.D.Indiaka Divakara',30),
('L006','ICT1233','Chinthaka Chandrakumara',60),
('L007','ENG1222','S.D.Indiaka Divakara',30),
('L008','ICT1253','B.A.Nipuna Heminda',60),
('L009','TMS1233','J.Uditha Garusinghe',45),
('L010','ENG1222','S.D.Indiaka Divakara',30),
('L011','TMS1233','J.Uditha Garusinghe',45),
('L012','TCS1212','G.A.Madara Karunarathne',30);


--LECTURER_STUDENT Table

INSERT INTO LECTURER_STUDENT
(LEC_ID,Stu_ID)

VALUES
('L001','TG/2019/1018'),
('L001','TG/2020/1095'),
('L002','TG/2021/1152'),
('L002','TG/2021/1174'),
('L003','TG/2021/1232'),
('L003','TG/2021/1246'),
('L004','TG/2022/1346'),
('L004','TG/2022/1347'),
('L005','TG/2022/1348'),
('L005','TG/2022/1349'),
('L006','TG/2022/1350'),
('L006','TG/2022/1351'),
('L007','TG/2022/1352'),
('L007','TG/2022/1353'),
('L008','TG/2022/1354'),
('L001','TG/2022/1355'),
('L002','TG/2022/1356'),
('L003','TG/2022/1357'),
('L004','TG/2022/1358'),
('L005','TG/2022/1359'),
('L006','TG/2022/1350'),
('L007','TG/2022/1351'),
('L008','TG/2022/1352');